index	TGT	OTH	prev_phone	next_phone	TGT_item	OTH_item	X_item
1	a	e	i	k	12	13	14
2	a	e	d	k	16	17	18
3	a	e	i	d	20	21	22
4	e	a	i	k	13	12	15
5	e	a	d	k	17	16	19
6	e	a	i	d	21	20	23
7	a	i	s	d	38	39	40
8	a	i	s	k	42	43	44
9	a	i	f	s	2537	2581	2737
10	i	a	s	d	39	38	41
11	i	a	s	k	43	42	45
12	i	a	f	s	2581	2537	2687
13	a	t	s	d	108	109	40
14	a	t	i	p	1701	1765	2396
15	a	t	s	k	1771	540	44
16	t	a	s	d	109	108	110
17	t	a	i	p	1765	1701	1766
18	t	a	s	k	540	1771	1772
19	a	ø	d	s	147	148	34
20	a	ø	s	k	150	151	44
21	a	ø	p	p	2718	2717	2825
22	ø	a	d	s	148	147	149
23	ø	a	s	k	151	150	152
24	ø	a	p	p	2717	2718	2719
25	a	ɑ̃	d	s	147	165	34
26	a	ɑ̃	s	d	38	167	40
27	a	ɑ̃	f	s	2537	2536	2737
28	ɑ̃	a	d	s	165	147	166
29	ɑ̃	a	s	d	167	38	168
30	ɑ̃	a	f	s	2536	2537	2538
31	a	ɔ̃	s	d	108	181	40
32	a	ɔ̃	s	k	171	183	44
33	a	ɔ̃	f	s	2807	2738	2537
34	ɔ̃	a	s	d	181	108	182
35	ɔ̃	a	s	k	183	171	184
36	ɔ̃	a	f	s	2738	2807	2715
43	a	ɛ	d	s	34	193	36
44	a	ɛ	s	d	38	195	40
45	a	ɛ	s	k	187	197	44
46	ɛ	a	s	d	195	38	196
47	ɛ	a	s	k	197	187	198
48	ɛ	a	d	s	193	34	194
49	a	ɛ̃	s	k	187	199	44
50	a	ɛ̃	d	p	201	202	203
51	a	ɛ̃	p	t	2560	2559	2569
52	ɛ̃	a	s	k	199	187	200
53	ɛ̃	a	d	p	202	201	204
54	ɛ̃	a	p	t	2559	2560	2561
55	a	ʁ	i	k	12	209	14
56	a	ʁ	d	k	16	211	18
57	a	ʁ	u	b	2729	2730	2960
58	ʁ	a	i	k	209	12	210
59	ʁ	a	d	k	211	16	212
60	ʁ	a	u	b	2730	2729	2841
61	b	k	i	a	230	256	232
62	b	k	t	a	246	257	244
63	b	k	a	ɛ	228	634	238
64	k	b	i	a	256	230	63
65	k	b	t	a	257	246	258
66	k	b	a	ɛ	634	228	254
67	b	m	i	a	230	267	232
68	b	m	a	ɛ	238	264	228
69	b	m	i	ɛ	241	266	243
70	m	b	i	a	267	230	268
71	m	b	a	ɛ	264	238	265
72	m	b	i	ɛ	266	241	73
73	b	p	i	a	232	278	230
74	b	p	t	a	244	280	246
75	b	p	a	ɛ	238	276	228
76	p	b	t	a	280	244	281
77	p	b	a	ɛ	276	238	277
78	p	b	i	a	278	232	279
79	b	s	i	a	232	285	230
80	b	s	a	ɛ	282	2326	228
81	b	s	e	a	236	2327	234
82	s	b	i	a	285	232	286
83	s	b	a	ɛ	2326	282	284
84	s	b	e	a	2327	236	1796
85	b	z	e	ɔ	272	303	274
86	b	z	a	ɛ	238	300	228
87	b	z	i	ɛ	241	302	243
88	z	b	e	ɔ	2459	274	303
89	z	b	a	ɛ	300	238	301
90	z	b	i	ɛ	302	241	674
91	b	ɡ	e	a	311	317	309
92	b	ɡ	a	a	319	320	321
93	b	ɡ	a	ɛ	282	315	228
94	ɡ	b	e	a	317	311	318
95	ɡ	b	a	a	320	319	322
96	ɡ	b	a	ɛ	315	282	1542
97	b	ʃ	e	a	331	332	311
98	b	ʃ	a	a	319	334	321
99	b	ʃ	a	ɛ	282	329	228
100	ʃ	b	e	a	332	331	333
101	ʃ	b	a	a	334	319	335
102	ʃ	b	a	ɛ	1005	228	329
103	b	ʒ	a	s	341	342	307
104	b	ʒ	ɛ	a	338	339	236
105	b	ʒ	a	ɛ	228	336	282
106	ʒ	b	a	s	342	341	225
107	ʒ	b	a	ɛ	336	228	337
108	ʒ	b	ɛ	a	339	338	340
109	d	l	i	u	2577	2781	2579
110	d	l	e	i	2522	2521	2571
111	d	l	i	ɛ	7	2853	5
112	l	d	i	u	2781	2577	2782
113	l	d	e	i	2521	2522	2523
114	l	d	i	ɛ	2853	7	382
115	d	m	t	e	2332	384	2328
116	d	m	a	ɛ	386	387	1799
117	d	m	i	ɛ	5	73	7
118	m	d	t	e	384	2332	385
119	m	d	a	ɛ	387	386	265
120	m	d	i	ɛ	73	5	266
121	d	n	i	u	2577	2578	2579
122	d	n	a	ɛ	229	270	1799
123	d	n	i	ɛ	5	79	7
124	n	d	i	u	2578	2577	2722
125	n	d	a	ɛ	270	229	391
126	n	d	i	ɛ	79	5	80
127	d	p	i	a	396	397	233
128	d	p	e	i	2819	2818	2522
129	d	p	a	ɛ	229	1155	1799
130	p	d	i	a	397	396	279
131	p	d	e	i	2818	2819	2820
132	p	d	a	ɛ	1155	229	392
133	d	t	i	u	2913	2914	2577
134	d	t	e	i	2522	2684	2571
135	d	t	i	ɛ	5	113	7
136	t	d	i	u	2914	2913	2600
137	t	d	e	i	2684	2522	2570
138	t	d	i	ɛ	113	5	407
139	d	v	i	a	412	413	233
140	d	v	i	ɛ	5	127	7
141	d	v	a	ɛ	229	1161	1799
142	v	d	i	a	413	412	299
143	v	d	a	ɛ	1161	229	295
144	v	d	i	ɛ	127	5	128
145	d	ɡ	a	a	443	444	445
146	d	ɡ	ɛ	ɛ	446	447	448
147	d	ɡ	a	ɛ	386	1542	229
148	ɡ	d	a	a	444	443	322
149	ɡ	d	ɛ	ɛ	447	446	449
150	ɡ	d	a	ɛ	1542	386	315
151	d	ʁ	t	e	374	462	2328
152	d	ʁ	e	i	2522	2742	2571
153	d	ʁ	s	e	401	464	379
154	ʁ	d	t	e	462	374	463
155	ʁ	d	s	e	464	401	465
156	ʁ	d	e	i	2742	2522	2901
157	e	k	a	t	498	55	499
158	e	k	t	a	481	258	500
159	e	k	s	d	1860	1861	576
160	k	e	a	t	55	498	57
161	k	e	t	a	258	481	501
162	k	e	s	d	1861	1860	717
163	e	o	d	s	522	88	486
164	e	o	s	k	523	524	525
165	e	o	d	f	527	528	529
166	o	e	d	s	88	522	89
167	o	e	s	k	524	523	526
168	o	e	d	f	528	527	530
169	e	s	a	t	536	537	499
170	e	s	t	a	509	1209	481
171	e	s	t	p	2404	1750	1879
172	s	e	a	t	537	536	103
173	s	e	t	a	1209	509	1210
174	s	e	t	p	1750	2404	743
175	e	u	d	s	542	543	486
176	e	u	t	p	1835	1887	2404
177	e	u	s	f	1888	1889	1848
178	u	e	d	s	543	542	544
179	u	e	t	p	1887	1835	1454
180	u	e	s	f	1889	1888	1890
181	e	ø	d	s	570	571	486
182	e	ø	s	k	572	152	525
183	e	ø	s	d	574	575	576
184	ø	e	d	s	571	570	149
185	ø	e	s	k	152	572	573
186	ø	e	s	d	575	574	577
187	e	ɑ̃	d	k	584	589	19
188	e	ɑ̃	t	s	2941	2940	2764
189	e	ɑ̃	d	t	1909	2744	1842
190	ɑ̃	e	d	k	589	584	590
191	ɑ̃	e	t	s	2940	2941	2665
192	ɑ̃	e	d	t	2744	1909	2294
199	e	ɛ̃	s	k	525	200	613
200	e	ɛ̃	d	p	580	202	582
201	e	ɛ̃	t	a	2344	616	481
202	ɛ̃	e	s	k	200	525	614
203	ɛ̃	e	d	p	202	580	204
204	ɛ̃	e	t	a	616	2344	617
205	j	f	a	i	630	629	632
206	j	f	a	ɛ	628	627	250
207	j	f	i	ɛ	52	24	53
208	f	m	a	i	638	639	631
209	f	m	i	ɛ	24	73	25
210	f	m	a	ɛ	239	264	687
211	m	f	a	i	639	638	640
212	m	f	a	ɛ	264	239	265
213	m	f	i	ɛ	73	24	74
214	f	n	a	i	638	641	631
215	f	n	i	ɛ	25	643	24
216	f	n	a	ɛ	353	270	239
217	n	f	a	i	641	638	642
218	n	f	i	ɛ	643	25	80
219	n	f	a	ɛ	270	353	391
220	f	s	e	i	2769	2770	2771
221	f	s	a	ɛ	627	647	239
222	f	s	i	ɛ	24	106	652
223	s	f	e	i	2770	2769	2830
224	s	f	a	ɛ	647	627	284
225	s	f	i	ɛ	107	25	106
226	f	t	k	a	478	650	476
227	f	t	a	ɛ	239	289	687
228	f	t	i	ɛ	24	113	652
229	t	f	k	a	650	478	651
230	t	f	i	ɛ	113	24	114
231	t	f	a	ɛ	1160	353	289
232	f	v	i	a	654	413	655
233	f	v	i	ɛ	652	2346	24
234	f	v	a	ɛ	239	295	687
235	v	f	i	a	413	654	299
236	v	f	a	ɛ	295	239	296
237	v	f	i	ɛ	2346	652	128
238	f	w	k	a	478	656	476
239	f	w	s	a	661	662	663
240	f	w	t	a	247	2787	245
241	w	f	k	a	656	478	550
242	w	f	s	a	662	661	664
243	w	f	t	a	2787	247	555
244	f	y	s	a	661	669	663
245	f	y	t	a	245	671	247
246	f	y	s	ɛ	665	666	2347
247	y	f	s	a	669	661	670
248	y	f	t	a	671	245	672
249	y	f	s	ɛ	666	665	2347
250	f	ɡ	e	a	688	689	659
251	f	ɡ	ɛ	ɛ	686	449	33
252	f	ɡ	a	ɛ	687	315	239
253	ɡ	f	e	a	689	688	317
254	ɡ	f	ɛ	ɛ	449	686	447
255	ɡ	f	a	ɛ	315	687	316
256	f	ʁ	k	a	478	690	476
257	f	ʁ	i	ɛ	673	692	24
258	f	ʁ	a	ɛ	633	1684	239
259	f	ʒ	a	a	696	697	698
260	f	ʒ	i	ɛ	673	474	24
261	f	ʒ	a	ɛ	353	471	239
262	ʒ	f	a	a	697	696	699
263	ʒ	f	a	ɛ	471	353	337
264	ʒ	f	i	ɛ	474	673	223
265	i	k	s	d	41	717	718
266	i	k	s	o	2621	2622	2623
268	k	i	s	d	717	41	719
269	k	i	s	o	2622	2621	2673
270	k	i	s	ɛ	961	2473	715
271	i	l	k	a	720	721	2336
272	i	l	k	d	722	723	724
273	i	l	p	d	726	727	728
274	l	i	k	a	721	720	506
275	l	i	k	d	723	722	725
276	l	i	p	d	727	726	729
277	i	o	d	s	730	89	37
278	i	o	s	k	731	524	45
279	i	o	k	p	732	733	734
280	o	i	d	s	89	730	88
281	o	i	s	k	524	731	526
282	o	i	k	p	733	732	735
283	i	p	k	a	487	531	2336
284	i	p	s	a	1832	2540	762
285	i	p	s	ɛ	366	739	2473
286	p	i	k	a	531	487	532
287	p	i	s	a	2540	1832	1289
288	p	i	s	ɛ	739	366	1288
289	i	s	t	p	740	1750	742
290	i	s	k	p	744	745	734
291	i	s	k	t	2907	2908	2549
292	s	i	t	p	1750	740	743
293	s	i	k	p	745	744	746
294	s	i	k	t	2908	2907	2624
295	i	t	k	a	751	650	2336
296	i	t	k	e	704	755	706
297	i	t	s	a	1832	1385	762
298	t	i	k	a	650	751	651
299	t	i	k	e	755	704	2168
300	t	i	s	a	1385	1832	1384
301	i	u	d	s	757	543	37
302	i	u	k	a	720	758	2336
303	i	u	k	p	744	760	734
304	u	i	d	s	543	757	544
305	u	i	k	a	758	720	759
306	u	i	k	p	760	744	118
307	i	y	s	d	765	766	41
308	i	y	d	s	2349	1530	730
309	i	y	f	s	2920	2921	2581
310	y	i	s	d	766	765	137
311	y	i	d	s	1530	2349	1509
312	y	i	f	s	2921	2920	2580
313	i	ø	d	s	767	571	37
314	i	ø	s	k	768	152	45
315	i	ø	s	d	769	575	41
316	ø	i	d	s	571	767	149
317	ø	i	s	k	152	768	573
318	ø	i	s	d	575	769	577
319	i	ɑ̃	d	s	37	166	775
320	i	ɑ̃	s	d	39	167	41
321	i	ɑ̃	f	s	2581	2536	2687
322	ɑ̃	i	d	s	166	37	776
323	ɑ̃	i	s	d	167	39	168
324	ɑ̃	i	f	s	2536	2581	2538
325	i	ɔ̃	s	d	783	600	41
326	i	ɔ̃	s	k	731	784	45
327	i	ɔ̃	f	s	2714	2715	2581
328	ɔ̃	i	s	d	600	783	182
329	ɔ̃	i	s	k	784	731	184
330	ɔ̃	i	f	s	2715	2714	2736
337	i	ɛ	s	d	39	195	41
338	i	ɛ	s	k	731	786	45
339	i	ɛ	f	s	2687	2688	2581
340	ɛ	i	s	d	195	39	196
341	ɛ	i	s	k	786	731	198
342	ɛ	i	f	s	2688	2687	2829
343	i	ɛ̃	s	k	45	200	768
344	i	ɛ̃	d	p	773	202	1820
345	i	ɛ̃	f	d	2670	2669	2712
346	ɛ̃	i	s	k	200	45	614
347	ɛ̃	i	d	p	202	773	204
348	ɛ̃	i	f	d	2669	2670	2671
349	i	ʁ	d	s	2349	2345	37
350	i	ʁ	k	a	487	691	2336
351	i	ʁ	d	p	773	790	1820
352	ʁ	i	k	a	691	487	690
353	ʁ	i	d	p	790	773	791
354	ʁ	i	d	s	1271	730	2345
355	j	k	a	a	2548	990	1965
356	j	k	a	ɛ	369	370	250
357	j	k	i	ɛ	52	58	53
358	k	j	a	a	990	2548	1984
359	k	j	a	ɛ	370	369	255
360	k	j	i	ɛ	58	52	948
361	j	l	a	a	2548	2982	1965
362	j	l	i	ɛ	797	2350	52
363	j	l	ɛ	a	1968	2613	253
364	l	j	a	a	2982	2548	1985
365	l	j	ɛ	a	2613	1968	2370
366	l	j	i	ɛ	2853	53	382
367	j	p	s	e	495	394	497
368	j	p	a	ɛ	369	392	250
369	j	p	i	ɛ	801	94	52
370	j	s	a	a	1965	1358	1966
371	j	s	a	i	632	1970	1971
372	j	s	i	ɛ	797	804	52
373	s	j	a	a	1358	1965	1359
374	s	j	a	i	1970	632	1364
375	s	j	i	ɛ	804	797	106
376	j	v	a	e	817	818	819
377	j	v	a	ɛ	369	410	250
378	j	v	i	ɛ	801	816	52
379	v	j	a	e	818	817	820
380	v	j	i	ɛ	816	801	128
381	v	j	a	ɛ	296	250	295
382	j	w	v	a	808	821	810
383	j	w	s	a	823	824	825
384	j	w	d	a	701	761	703
385	w	j	v	a	821	808	822
386	w	j	s	a	824	823	664
387	w	j	d	a	761	701	553
388	j	y	t	e	826	827	493
389	j	y	s	a	825	670	823
390	j	y	t	ɛ	50	138	51
391	y	j	t	e	827	826	416
392	y	j	s	a	670	825	669
393	y	j	t	ɛ	138	50	1915
394	j	ɲ	a	i	2358	459	632
395	j	ɲ	i	d	875	2335	1977
396	j	ɲ	a	d	877	878	2359
397	ɲ	j	a	i	459	2358	461
398	ɲ	j	i	d	2335	875	455
399	ɲ	j	a	d	878	877	880
400	ʃ	j	a	e	886	885	887
401	ʃ	j	i	ɛ	470	53	884
402	ʃ	j	a	ɛ	883	882	329
403	j	ʒ	a	a	1966	699	1965
404	j	ʒ	a	ɛ	250	337	830
405	j	ʒ	i	ɛ	801	1317	251
406	ʒ	j	a	a	699	1966	697
407	ʒ	j	a	ɛ	337	250	336
408	ʒ	j	i	ɛ	1317	801	1199
409	k	l	a	s	894	895	896
410	k	l	a	a	1984	1985	991
411	k	l	e	ɔ	2013	2014	954
412	l	k	a	s	895	894	897
413	l	k	a	a	1985	1984	1986
414	l	k	e	ɔ	2014	2013	2015
415	k	m	a	i	899	900	901
416	k	m	a	ɛ	898	387	255
417	k	m	i	ɛ	59	902	58
418	m	k	a	i	900	899	640
419	m	k	a	ɛ	387	898	265
420	m	k	i	ɛ	73	58	266
421	k	n	a	i	899	904	901
422	k	n	a	ɛ	903	270	255
423	k	n	i	ɛ	889	905	58
424	n	k	a	i	904	899	642
425	n	k	a	ɛ	270	903	391
426	n	k	i	ɛ	905	889	80
427	k	o	t	a	908	909	258
428	k	o	a	s	911	912	896
429	k	o	a	t	955	92	55
430	o	k	t	a	909	908	910
431	o	k	a	s	912	911	913
432	o	k	a	t	92	955	907
433	k	p	a	t	793	915	57
434	k	p	a	ɛ	255	277	634
435	k	p	i	ɛ	59	95	58
436	p	k	a	t	915	793	916
437	p	k	a	ɛ	277	255	914
438	p	k	i	ɛ	95	59	94
439	k	t	a	s	925	926	896
440	k	t	i	d	927	928	922
441	k	t	i	ɛ	889	924	58
442	t	k	a	s	926	925	2116
443	t	k	i	d	928	927	1767
444	t	k	i	ɛ	924	889	806
445	k	v	i	a	63	299	930
446	k	v	i	ɛ	889	816	58
447	k	v	a	ɛ	634	1484	254
448	v	k	i	a	299	63	931
449	v	k	i	ɛ	816	889	128
450	v	k	a	ɛ	1484	634	295
451	k	y	s	i	714	939	940
452	k	y	s	a	942	670	937
453	k	y	d	i	943	944	945
454	y	k	s	i	939	714	941
455	y	k	s	a	670	942	669
456	y	k	d	i	944	943	946
457	k	ɡ	a	a	990	320	991
458	k	ɡ	a	ɛ	370	316	255
459	k	ɡ	ɛ	ɛ	992	447	2025
460	ɡ	k	a	a	320	990	322
461	ɡ	k	a	ɛ	316	370	315
462	ɡ	k	ɛ	ɛ	447	992	449
463	k	ɲ	i	i	996	453	997
464	k	ɲ	i	d	999	1000	922
465	k	ɲ	a	i	2866	2867	899
466	ɲ	k	i	i	453	996	998
467	ɲ	k	i	d	1000	999	2335
468	ɲ	k	a	i	2867	2866	461
469	k	ʃ	a	t	955	213	57
470	k	ʃ	i	ɛ	948	884	58
471	k	ʃ	a	ɛ	634	1005	370
472	ʃ	k	a	t	213	955	214
473	ʃ	k	i	ɛ	884	948	470
474	ʃ	k	a	ɛ	1005	634	329
475	k	ʒ	a	t	1006	2247	57
476	k	ʒ	a	ɛ	903	471	255
477	k	ʒ	i	ɛ	889	1317	58
478	ʒ	k	a	t	2247	1006	220
479	ʒ	k	a	ɛ	471	903	337
480	ʒ	k	i	ɛ	1317	889	474
481	l	m	t	e	376	385	1008
482	l	m	a	s	897	1009	895
483	l	m	i	ɛ	2853	74	382
484	m	l	t	e	385	376	384
485	m	l	a	s	1009	897	1010
486	m	l	i	ɛ	74	2853	266
487	l	n	t	e	504	389	376
488	l	n	a	ɛ	1011	270	1086
489	l	n	i	ɛ	2360	905	382
490	n	l	t	e	389	504	390
491	n	l	a	ɛ	270	1011	391
492	n	l	i	ɛ	905	2360	80
493	l	o	b	d	2516	2517	1694
494	l	o	b	k	2519	2518	2801
495	l	o	ɛ	t	1016	1017	1018
496	l	p	a	a	2982	2981	1985
497	l	p	a	ɛ	1011	1155	1086
498	l	p	i	ɛ	2360	94	382
499	p	l	a	a	2981	2982	1309
500	p	l	a	ɛ	276	259	277
501	p	l	i	ɛ	94	2360	95
502	l	t	e	i	2521	2684	2523
503	l	t	a	a	2892	2906	1985
504	l	t	i	ɛ	382	407	2853
505	t	l	a	a	2906	2892	1412
506	t	l	e	i	2684	2521	2570
507	t	l	i	ɛ	407	382	114
508	l	v	i	a	263	299	1030
509	l	v	a	ɛ	259	295	1086
510	l	v	i	ɛ	2360	816	382
511	v	l	i	a	299	263	931
512	v	l	a	ɛ	295	259	296
513	v	l	i	ɛ	816	2360	128
514	l	y	t	e	1038	827	376
515	l	y	p	d	729	1039	1040
516	l	y	s	i	1042	1043	1044
517	y	l	t	e	827	1038	416
518	y	l	p	d	1039	729	1041
519	y	l	s	i	1043	1042	939
520	l	ɛ	i	d	1874	610	1081
521	l	ɛ	i	p	2695	1537	1702
522	l	ɛ	p	i	2822	2823	2931
523	ɛ	l	i	d	610	1874	612
524	ɛ	l	i	p	1537	2695	1538
525	ɛ	l	p	i	2823	2822	2313
526	l	ɡ	e	a	1087	689	1033
527	l	ɡ	i	a	1088	1089	263
529	ɡ	l	e	a	689	1087	317
530	ɡ	l	i	a	1089	1088	871
531	ɡ	l	a	ɛ	315	1086	316
532	l	ɲ	i	k	893	995	2096
533	l	ɲ	i	d	1092	2335	1081
534	l	ɲ	a	d	1093	878	1094
535	ɲ	l	i	k	995	893	1091
536	ɲ	l	i	d	2335	1092	455
537	ɲ	l	a	d	878	1093	880
538	l	ʁ	t	e	376	463	1008
539	l	ʁ	i	a	2566	2565	262
540	l	ʁ	i	ɛ	2360	2367	2853
541	ʁ	l	t	e	463	376	1095
542	ʁ	l	i	a	2565	2566	1481
543	ʁ	l	i	ɛ	2367	2360	208
544	l	ʃ	i	a	1030	1098	263
546	l	ʃ	i	ɛ	2853	470	2350
547	ʃ	l	i	a	1098	1030	1099
548	ʃ	l	a	ɛ	329	1086	467
549	ʃ	l	i	ɛ	470	2853	469
550	l	ʒ	a	a	2905	699	1985
551	l	ʒ	a	ɛ	1011	471	1086
552	l	ʒ	i	ɛ	382	222	2853
553	ʒ	l	a	a	699	2905	697
554	ʒ	l	a	ɛ	471	1011	337
555	ʒ	l	i	ɛ	222	382	1317
556	m	o	a	s	1010	913	1009
557	m	o	t	a	510	910	1131
558	m	o	a	k	2139	2808	2141
559	o	m	a	s	913	1010	912
560	o	m	t	a	910	510	1107
561	o	m	a	k	2808	2139	2809
562	m	s	t	e	384	1110	385
563	m	s	a	ɛ	387	647	265
564	m	s	i	ɛ	73	106	266
565	s	m	t	e	1110	384	400
566	s	m	a	ɛ	647	387	284
567	s	m	i	ɛ	106	73	404
568	m	v	i	a	268	299	1111
569	m	v	a	ɛ	264	295	265
570	m	v	i	ɛ	73	127	266
571	v	m	i	a	299	268	931
572	v	m	a	ɛ	295	264	296
573	v	m	i	ɛ	127	73	128
574	m	y	d	i	2492	2493	515
575	m	y	k	i	2761	2762	2763
576	m	y	t	ɛ	508	1112	72
577	y	m	d	i	2493	2492	944
578	y	m	k	i	2762	2761	1329
579	y	m	t	ɛ	1112	508	1915
580	m	ɡ	e	a	1137	689	1138
581	m	ɡ	i	a	1139	871	268
582	m	ɡ	a	ɛ	1136	315	265
583	ɡ	m	e	a	689	1137	317
584	ɡ	m	i	a	871	1139	873
585	ɡ	m	a	ɛ	315	1136	1542
586	m	ʁ	t	e	385	463	384
587	m	ʁ	a	s	1147	1148	1010
588	m	ʁ	i	ɛ	1103	2367	73
589	ʁ	m	t	e	463	385	1095
590	ʁ	m	a	s	1148	1147	1004
591	ʁ	m	i	ɛ	2367	1103	208
592	m	ʃ	i	a	1139	1098	268
593	m	ʃ	a	ɛ	1136	329	265
594	m	ʃ	i	ɛ	1149	469	73
595	ʃ	m	i	a	1098	1139	1099
596	ʃ	m	i	ɛ	469	1149	470
597	ʃ	m	a	ɛ	1005	1150	329
598	m	ʒ	i	a	1152	1153	268
599	m	ʒ	a	ɛ	265	337	1150
600	m	ʒ	i	ɛ	1103	1317	266
601	ʒ	m	i	a	1153	1152	1154
602	ʒ	m	a	ɛ	337	265	336
603	ʒ	m	i	ɛ	1317	1103	1199
604	n	p	a	e	2752	2751	1195
605	n	p	a	ɛ	270	1155	391
606	n	p	i	ɛ	643	95	80
607	p	n	a	e	2751	2752	2753
608	p	n	a	ɛ	1155	270	277
609	p	n	i	ɛ	95	643	94
610	n	v	i	a	1162	299	1163
611	n	v	a	ɛ	270	1161	391
612	n	v	i	ɛ	80	128	79
613	v	n	i	a	299	1162	931
614	v	n	i	ɛ	128	80	127
615	v	n	a	ɛ	1161	270	296
616	n	z	i	a	1164	143	1162
617	n	z	a	a	2686	2685	2144
618	n	z	i	ɛ	905	1291	80
619	z	n	i	a	143	1164	144
620	z	n	a	a	2685	2686	1543
621	z	n	i	ɛ	1291	905	302
622	n	ɡ	e	a	1185	1186	1187
623	n	ɡ	i	a	1188	871	1162
624	n	ɡ	a	ɛ	269	316	1799
625	ɡ	n	e	a	1186	1185	317
626	ɡ	n	i	a	871	1188	873
627	ɡ	n	a	ɛ	316	269	315
628	n	ɲ	i	i	1190	453	1191
629	n	ɲ	i	d	1169	2335	1171
630	n	ɲ	ɛ	d	2380	1146	1183
631	ɲ	n	i	i	453	1190	998
632	ɲ	n	i	d	2335	1169	455
633	ɲ	n	ɛ	d	1146	2380	1144
634	n	ʁ	t	e	390	1192	389
635	n	ʁ	i	k	1179	1193	1178
636	n	ʁ	i	ɛ	905	2367	80
637	ʁ	n	t	e	1192	390	463
638	ʁ	n	i	k	1193	1179	210
639	ʁ	n	i	ɛ	2367	905	1683
640	n	ʃ	a	e	1195	1196	1197
641	n	ʃ	a	a	2143	2576	2144
642	n	ʃ	i	ɛ	1194	469	80
643	ʃ	n	a	e	1196	1195	887
644	ʃ	n	a	a	2576	2143	334
645	ʃ	n	i	ɛ	469	1194	470
646	o	s	k	p	733	1207	735
647	o	s	t	a	910	1209	1107
648	o	s	a	t	907	2858	92
649	s	o	k	p	1207	733	746
650	s	o	t	a	1209	910	1210
651	s	o	a	t	2858	907	1350
652	o	u	k	p	735	1219	733
653	o	u	d	t	1737	1225	1226
654	o	u	s	s	1220	1221	2859
655	u	o	k	p	1219	735	118
656	u	o	s	s	1221	1220	1223
657	u	o	d	t	1225	1737	1227
658	o	y	d	s	88	1228	89
659	o	y	k	p	735	1229	733
660	o	y	s	k	526	559	1231
661	y	o	d	s	1228	88	135
662	y	o	s	k	559	526	558
663	y	o	k	p	1229	735	1327
664	o	ɑ̃	s	k	524	1249	526
665	o	ɑ̃	k	p	733	1251	735
666	o	ɑ̃	d	t	1737	2744	1226
667	ɑ̃	o	s	k	1249	524	1250
668	ɑ̃	o	k	p	1251	733	1252
669	ɑ̃	o	d	t	2744	1737	2294
670	o	ɔ	t	p	1253	1254	1255
671	o	ɔ	k	p	735	1257	733
672	o	ɔ	k	s	1258	598	1259
673	ɔ	o	t	p	1254	1253	1256
674	ɔ	o	k	s	598	1258	596
675	ɔ	o	k	p	1257	735	178
676	o	ɔ̃	k	p	733	1260	735
677	o	ɔ̃	s	k	524	784	526
678	o	ɔ̃	k	t	2745	2746	2747
679	ɔ̃	o	k	p	1260	733	1261
680	ɔ̃	o	s	k	784	524	184
681	ɔ̃	o	k	t	2746	2745	2776
688	o	ɛ̃	s	k	526	200	1231
689	o	ɛ̃	t	a	1268	616	910
690	o	ɛ̃	t	s	2643	2642	2821
691	ɛ̃	o	s	k	200	526	614
692	ɛ̃	o	t	a	616	1268	617
693	ɛ̃	o	t	s	2642	2643	2644
694	o	ʁ	d	s	89	1271	88
695	o	ʁ	t	a	910	1274	1107
696	o	ʁ	a	t	907	2860	92
697	ʁ	o	d	s	1271	89	2345
698	ʁ	o	t	a	1274	910	326
699	ʁ	o	a	t	2860	907	1272
700	p	s	a	a	2166	1358	1311
701	p	s	i	u	2887	2888	2701
702	p	s	i	ɛ	95	107	94
703	s	p	a	a	1358	2166	1359
704	s	p	i	u	2888	2887	2700
705	s	p	i	ɛ	917	94	106
706	t	p	s	e	1279	1021	406
707	t	p	i	ɛ	924	94	407
708	t	p	a	ɛ	289	276	2169
709	p	v	i	a	279	299	1281
710	p	v	i	ɛ	94	816	95
711	p	v	a	ɛ	914	296	392
712	v	p	i	a	299	279	931
713	v	p	i	ɛ	816	94	128
714	v	p	a	ɛ	296	914	295
715	p	w	k	a	531	549	532
716	p	w	t	a	281	1282	280
717	p	w	v	a	1283	1284	1285
718	w	p	k	a	549	531	550
719	w	p	t	a	1282	281	556
720	w	p	v	a	1284	1283	822
721	p	y	s	i	1286	1287	737
722	p	y	s	a	1289	669	1290
723	p	y	s	ɛ	1288	666	739
724	y	p	s	i	1287	1286	939
725	y	p	s	a	669	1289	670
726	y	p	s	ɛ	666	1288	2347
727	p	ʒ	a	a	2552	1671	1309
728	p	ʒ	a	ɛ	914	337	277
729	p	ʒ	i	ɛ	94	1317	95
730	ʒ	p	a	a	1671	2552	697
731	ʒ	p	a	ɛ	337	914	336
733	s	v	i	a	1324	1325	286
734	s	v	i	ɛ	404	411	106
735	s	v	a	ɛ	1323	410	284
736	v	s	i	a	1325	1324	299
737	v	s	a	ɛ	410	1323	296
738	v	s	i	ɛ	411	404	128
739	s	y	k	p	1326	1327	746
740	s	y	k	i	1328	1329	1330
741	s	y	t	ɛ	104	138	105
742	y	s	k	i	1329	1328	1331
743	y	s	k	p	1327	1326	1229
744	y	s	t	ɛ	138	104	1915
745	s	z	i	a	1324	1333	286
746	s	z	a	ɛ	1332	301	284
747	s	z	i	ɛ	917	1291	106
748	z	s	i	a	1333	1324	144
749	z	s	a	ɛ	301	1332	300
750	z	s	i	ɛ	1291	917	302
751	s	ɔ	t	p	743	1254	1750
752	s	ɔ	k	p	1326	178	746
753	s	ɔ	i	t	1338	1058	1339
754	ɔ	s	t	p	1254	743	1256
755	ɔ	s	k	p	178	1326	1337
756	ɔ	s	i	t	1058	1338	1060
757	s	ɔ̃	k	p	746	1261	1343
758	s	ɔ̃	k	k	2209	2210	2211
759	s	ɔ̃	k	t	3000	3002	2624
760	ɔ̃	s	k	p	1261	746	1344
761	ɔ̃	s	k	k	2210	2209	2212
762	ɔ̃	s	k	t	3002	3000	2746
769	s	ɛ̃	t	a	1210	616	1209
770	s	ɛ̃	i	k	1356	2366	919
771	s	ɛ̃	i	d	921	2497	923
772	ɛ̃	s	t	a	616	1210	617
773	ɛ̃	s	i	k	2366	1356	1083
774	ɛ̃	s	i	d	2497	921	988
775	s	ɡ	a	a	1358	322	1359
776	s	ɡ	a	ɛ	2326	315	284
777	s	ɡ	ɛ	ɛ	1361	447	1362
778	ɡ	s	a	a	322	1358	1360
779	ɡ	s	ɛ	ɛ	447	1361	449
780	ɡ	s	a	ɛ	315	2326	316
781	s	ɲ	a	i	1363	459	1364
782	s	ɲ	i	k	918	994	919
783	s	ɲ	i	d	1357	1365	923
784	ɲ	s	a	i	459	1363	461
785	ɲ	s	i	k	994	918	995
786	ɲ	s	i	d	1365	1357	2335
787	s	ʒ	a	a	2243	1671	1359
788	s	ʒ	ə	t	1876	623	1878
789	s	ʒ	i	ɛ	404	222	106
790	ʒ	s	a	a	1671	2243	699
791	ʒ	s	ə	t	623	1876	625
792	ʒ	s	i	ɛ	222	404	1199
793	t	v	i	a	292	299	1381
794	t	v	i	ɛ	407	411	113
795	t	v	a	ɛ	289	295	2169
796	v	t	i	a	299	292	931
797	v	t	a	ɛ	295	289	296
798	v	t	i	ɛ	411	407	128
799	t	y	k	i	1386	1329	1387
800	t	y	s	d	1212	766	110
801	t	y	s	ɛ	1388	666	1389
802	y	t	k	i	1329	1386	1331
803	y	t	s	d	766	1212	137
804	y	t	s	ɛ	666	1388	2347
805	t	ɔ̃	s	k	1772	2383	540
806	t	ɔ̃	s	f	2273	2660	2271
807	t	ɔ̃	s	p	2657	2656	2659
808	ɔ̃	t	s	k	2383	1772	184
809	ɔ̃	t	s	f	2660	2273	1934
810	ɔ̃	t	s	p	2656	2657	2658
811	t	ɛ	s	k	540	1405	1772
812	t	ɛ	s	e	1406	442	406
813	t	ɛ	s	a	2923	1504	1384
814	ɛ	t	s	k	1405	540	198
815	ɛ	t	s	e	442	1406	441
816	ɛ	t	s	a	1504	2923	1505
817	t	ɡ	a	a	1411	320	1412
818	t	ɡ	a	ɛ	1410	315	2169
819	t	ɡ	ɛ	ɛ	1413	447	1414
820	ɡ	t	a	a	320	1411	322
821	ɡ	t	ɛ	ɛ	447	1413	449
822	ɡ	t	a	ɛ	315	1410	1542
823	t	ɲ	i	i	1417	451	1418
824	t	ɲ	i	d	1320	455	1767
825	t	ɲ	ɛ	d	1415	1146	1416
826	ɲ	t	i	i	451	1417	453
827	ɲ	t	i	d	455	1320	2335
828	ɲ	t	ɛ	d	1146	1415	1144
829	t	ʁ	s	e	1318	464	406
830	t	ʁ	i	k	1025	1419	1026
831	t	ʁ	i	ɛ	924	2367	113
832	ʁ	t	s	e	464	1318	465
833	ʁ	t	i	k	1419	1025	210
834	ʁ	t	i	ɛ	208	2972	1683
835	t	ʃ	i	a	1421	1099	292
836	t	ʃ	a	ɛ	1410	329	2169
837	t	ʃ	i	ɛ	1420	1097	113
838	ʃ	t	i	a	1099	1421	1098
839	ʃ	t	i	ɛ	1097	1420	470
840	ʃ	t	a	ɛ	1005	2169	329
841	t	ʒ	a	a	2816	1671	1412
842	t	ʒ	a	ɛ	1160	471	2169
844	ʒ	t	a	a	1671	2816	697
845	ʒ	t	a	ɛ	471	1160	337
846	ʒ	t	i	ɛ	222	407	1199
847	u	y	d	s	1427	1428	544
848	u	y	k	p	1219	1229	118
849	u	y	s	s	2924	2925	1223
850	y	u	d	s	1428	1427	135
851	y	u	k	p	1229	1219	1327
852	y	u	s	s	2925	2924	2815
853	u	ø	d	s	544	149	1427
854	u	ø	d	t	1433	1234	1227
855	u	ø	v	v	2779	2778	2837
856	ø	u	d	t	1234	1433	1233
857	ø	u	v	v	2778	2779	2780
858	ø	u	d	s	149	544	148
859	u	ɑ̃	d	s	543	1439	544
860	u	ɑ̃	t	p	2574	2573	1452
861	u	ɑ̃	d	t	1225	2744	1227
862	ɑ̃	u	d	s	1439	543	166
863	ɑ̃	u	d	t	2744	1225	2294
864	ɑ̃	u	t	p	2573	2574	2204
865	u	ɔ̃	k	p	760	1444	118
866	u	ɔ̃	k	s	1322	1445	122
867	u	ɔ̃	s	s	1221	1446	1223
868	ɔ̃	u	k	p	1444	760	1261
869	ɔ̃	u	k	s	1445	1322	1400
870	ɔ̃	u	s	s	1446	1221	1447
877	u	ɛ̃	t	p	1452	1453	1454
878	u	ɛ̃	p	s	1456	1457	124
879	u	ɛ̃	s	d	1379	1459	1380
880	ɛ̃	u	t	p	1453	1452	1455
881	ɛ̃	u	p	s	1457	1456	1458
882	ɛ̃	u	s	d	1459	1379	1460
883	v	z	e	ɔ	1463	1464	1465
884	v	z	a	ɛ	295	300	296
885	v	z	i	ɛ	816	1291	128
886	z	v	e	ɔ	2459	1465	303
887	z	v	a	ɛ	300	295	301
888	z	v	i	ɛ	1291	816	302
889	v	ɡ	e	a	1469	317	1479
890	v	ɡ	i	a	1480	871	299
891	v	ɡ	a	ɛ	1478	315	296
892	ɡ	v	e	a	317	1469	318
893	ɡ	v	i	a	871	1480	873
894	ɡ	v	a	ɛ	315	1478	316
895	v	ʁ	i	a	1325	1481	299
896	v	ʁ	a	ɛ	295	323	296
897	v	ʁ	i	ɛ	816	2367	128
898	v	ʃ	i	a	1480	1098	299
899	v	ʃ	a	ɛ	1478	329	296
900	v	ʃ	i	ɛ	1483	1097	128
901	ʃ	v	i	a	1098	1480	1099
902	ʃ	v	a	ɛ	1005	1484	329
903	ʃ	v	i	ɛ	1097	1483	470
904	w	y	d	a	1486	1487	553
905	w	y	s	a	662	669	664
906	w	y	t	a	1489	672	556
907	y	w	d	a	1487	1486	1488
908	y	w	s	a	669	662	670
909	y	w	t	a	672	1489	671
910	w	ʁ	k	a	1031	1461	550
911	w	ʁ	d	a	761	1506	553
912	w	ʁ	t	a	555	1508	556
913	ʁ	w	k	a	1461	1031	691
914	ʁ	w	d	a	1506	761	1507
915	ʁ	w	t	a	1508	555	326
916	y	ø	d	s	1509	571	135
917	y	ø	s	k	1510	151	559
918	y	ø	d	p	1511	1512	1513
919	ø	y	s	k	151	1510	152
920	ø	y	d	p	1512	1511	1514
921	ø	y	d	s	571	1509	149
922	y	ɑ̃	d	s	1519	165	135
923	y	ɑ̃	t	e	416	1440	1430
924	y	ɑ̃	t	t	2675	2674	2694
925	ɑ̃	y	d	s	165	1519	166
926	ɑ̃	y	t	e	1440	416	432
927	ɑ̃	y	t	t	2674	2675	2676
934	y	ɛ̃	s	k	559	200	558
935	y	ɛ̃	d	p	1518	202	1513
936	y	ɛ̃	t	a	672	617	671
937	ɛ̃	y	s	k	200	559	614
938	ɛ̃	y	d	p	202	1518	204
939	ɛ̃	y	t	a	617	672	616
940	y	ʁ	d	s	1530	2345	135
941	y	ʁ	t	e	827	1531	416
942	y	ʁ	t	ɛ	138	1532	1915
943	ʁ	y	t	e	1531	827	463
944	ʁ	y	d	s	2345	1530	1271
945	ʁ	y	t	ɛ	1532	138	1533
946	z	ɡ	a	a	1543	320	1544
947	z	ɡ	a	ɛ	947	1542	301
948	z	ɡ	ɛ	ɛ	1545	447	1546
949	ɡ	z	a	a	320	1543	322
950	ɡ	z	a	ɛ	1542	947	315
951	ɡ	z	ɛ	ɛ	447	1545	449
952	ø	ɑ̃	d	s	148	165	149
953	ø	ɑ̃	s	k	151	1559	152
954	ø	ɑ̃	s	d	575	1560	577
955	ɑ̃	ø	d	s	165	148	166
956	ɑ̃	ø	s	k	1559	151	1250
957	ɑ̃	ø	s	d	1560	575	168
958	ø	ɔ̃	s	k	573	1565	152
959	ø	ɔ̃	s	d	1566	1567	577
960	ø	ɔ̃	d	p	1512	1568	1514
961	ɔ̃	ø	s	k	1565	573	184
962	ɔ̃	ø	s	d	1567	1566	182
963	ɔ̃	ø	d	p	1568	1512	1569
970	ø	ɛ̃	p	s	1564	1458	1562
971	ø	ɛ̃	s	k	152	1576	573
972	ø	ɛ̃	s	d	575	1460	577
973	ɛ̃	ø	p	s	1458	1564	1457
974	ɛ̃	ø	s	k	1576	152	200
975	ɛ̃	ø	s	d	1460	575	1577
976	ɑ̃	ɔ̃	s	d	1614	600	168
977	ɑ̃	ɔ̃	t	s	2527	2528	2665
978	ɑ̃	ɔ̃	p	t	2726	2591	2727
979	ɔ̃	ɑ̃	s	d	600	1614	182
980	ɔ̃	ɑ̃	p	t	2591	2726	2610
981	ɔ̃	ɑ̃	t	s	2528	2527	2599
988	ɑ̃	ɛ	d	s	166	194	776
989	ɑ̃	ɛ	k	s	1335	1351	1336
990	ɑ̃	ɛ	t	p	2287	2288	2205
991	ɛ	ɑ̃	d	s	194	166	1619
992	ɛ	ɑ̃	k	s	1351	1335	1267
993	ɛ	ɑ̃	t	p	2288	2287	1949
994	ɔ	ɔ̃	k	p	178	1627	1337
995	ɔ	ɔ̃	s	k	172	183	173
996	ɔ	ɔ̃	k	s	596	1628	598
997	ɔ̃	ɔ	k	p	1627	178	1261
998	ɔ̃	ɔ	s	k	183	172	184
999	ɔ̃	ɔ	k	s	1628	596	1400
1000	ɔ	ɛ̃	t	p	1254	1635	1256
1001	ɔ	ɛ̃	s	k	172	1636	173
1002	ɔ	ɛ̃	p	s	1637	1458	1443
1003	ɛ̃	ɔ	t	p	1635	1254	1455
1004	ɛ̃	ɔ	s	k	1636	172	200
1005	ɛ̃	ɔ	p	s	1458	1637	1457
1006	ɔ	ʁ	t	p	1638	1639	1256
1007	ɔ	ʁ	d	k	1611	211	1612
1008	ɔ	ʁ	p	ɛ	174	1641	175
1009	ʁ	ɔ	t	p	1639	1638	1640
1010	ʁ	ɔ	d	k	211	1611	212
1011	ʁ	ɔ	p	ɛ	1641	174	1579
1018	ɔ̃	ɛ	s	d	600	1643	182
1019	ɔ̃	ɛ	s	k	784	786	184
1020	ɔ̃	ɛ	p	t	2610	2705	2591
1021	ɛ	ɔ̃	s	d	1643	600	196
1022	ɛ	ɔ̃	s	k	786	784	198
1023	ɛ	ɔ̃	p	t	2705	2610	2706
1024	ɔ̃	ɛ̃	s	k	1565	199	184
1025	ɔ̃	ɛ̃	p	t	2591	2590	2610
1026	ɔ̃	ɛ̃	s	t	3016	3015	2639
1027	ɛ̃	ɔ̃	s	k	199	1565	200
1028	ɛ̃	ɔ̃	p	t	2590	2591	2559
1029	ɛ̃	ɔ̃	s	t	3015	3016	2638
1030	ɔ̃	ʁ	d	k	1647	211	1592
1031	ɔ̃	ʁ	k	d	1589	2567	1590
1032	ɔ̃	ʁ	t	s	2528	2597	2599
1033	ʁ	ɔ̃	d	k	211	1647	212
1034	ʁ	ɔ̃	k	d	2567	1589	2568
1035	ʁ	ɔ̃	t	s	2597	2528	2598
1048	ɛ̃	ʁ	d	p	202	790	204
1049	ɛ̃	ʁ	t	a	616	1660	617
1050	ɛ̃	ʁ	i	d	988	2056	989
1051	ʁ	ɛ̃	d	p	790	202	791
1052	ʁ	ɛ̃	t	a	1660	616	326
1053	ʁ	ɛ̃	i	d	2056	988	1661
1054	ɡ	ʁ	a	a	1310	1664	322
1055	ɡ	ʁ	a	ɛ	315	1663	316
1056	ɡ	ʁ	ɛ	ɛ	447	1666	449
1057	ʁ	ɡ	a	a	2539	1670	1664
1058	ʁ	ɡ	a	ɛ	1663	315	324
1059	ʁ	ɡ	ɛ	ɛ	1666	447	1667
1060	ɡ	ʃ	e	a	1186	332	317
1061	ɡ	ʃ	i	a	871	1098	873
1062	ɡ	ʃ	a	ɛ	315	329	1542
1063	ʃ	ɡ	e	a	332	1186	333
1064	ʃ	ɡ	i	a	1098	871	1099
1065	ʃ	ɡ	a	ɛ	329	315	467
1066	ɡ	ʒ	e	a	689	1668	317
1067	ɡ	ʒ	i	a	873	1154	871
1068	ɡ	ʒ	a	a	1670	1671	322
1069	ʒ	ɡ	e	a	1668	689	1669
1070	ʒ	ɡ	i	a	1154	873	1153
1071	ʒ	ɡ	a	a	1671	1670	699
1072	ɲ	ʁ	i	k	995	210	1091
1073	ɲ	ʁ	i	d	2335	1673	455
1074	ɲ	ʁ	a	d	878	1674	880
1075	ʁ	ɲ	i	k	210	995	1672
1076	ʁ	ɲ	i	d	1673	2335	1662
1077	ʁ	ɲ	a	d	1674	878	1675
1078	ɲ	ʒ	a	i	461	1676	1551
1079	ɲ	ʒ	i	i	453	1678	998
1080	ɲ	ʒ	a	d	878	1680	880
1081	ʒ	ɲ	a	i	1676	461	1677
1082	ʒ	ɲ	i	i	1678	453	1679
1083	ʒ	ɲ	a	d	1680	878	1681
1084	ʁ	ʃ	a	t	1682	214	1272
1085	ʁ	ʃ	a	ɛ	1663	329	324
1086	ʁ	ʃ	i	ɛ	1683	1097	208
1087	ʃ	ʁ	a	t	214	1682	213
1088	ʃ	ʁ	i	ɛ	1097	1683	470
1089	ʃ	ʁ	a	ɛ	329	1663	467
1090	ʁ	ʒ	a	a	2539	1671	1664
1091	ʁ	ʒ	a	ɛ	1684	337	324
1092	ʁ	ʒ	i	ɛ	2367	1317	208
1093	ʒ	ʁ	a	a	1671	2539	697
1094	ʒ	ʁ	a	ɛ	337	1684	336
1096	ʒ	ʃ	a	e	1606	1196	1607
1097	ʒ	ʃ	a	a	699	335	697
1098	ʒ	ʃ	a	ɛ	336	1005	337
1099	ʃ	ʒ	a	e	1196	1606	887
1100	ʃ	ʒ	a	a	335	699	334
1101	ʃ	ʒ	a	ɛ	1005	336	329
1102	a	l	b	d	1693	1694	1695
1103	a	l	i	d	1705	1706	22
1104	a	l	i	k	12	1714	14
1105	l	a	b	d	1694	1693	1696
1106	l	a	i	d	1706	1705	1081
1107	l	a	i	k	1714	12	893
1108	a	s	i	t	1690	1339	1691
1109	a	s	t	p	1745	1750	1751
1110	a	s	i	k	12	1758	14
1111	s	a	i	t	1339	1690	1749
1112	s	a	t	p	1750	1745	743
1113	s	a	i	k	1758	12	919
1114	d	s	a	a	445	1790	1791
1115	d	s	e	ɔ	1808	1809	428
1116	d	s	ɛ	a	425	1795	237
1117	s	d	a	a	1790	445	1359
1118	s	d	e	ɔ	1809	1808	1810
1119	s	d	ɛ	a	1795	425	1796
1120	e	i	d	p	580	773	582
1121	e	i	b	d	1823	1824	1825
1122	e	i	k	s	595	1833	597
1123	i	e	d	p	773	580	1820
1124	i	e	b	d	1824	1823	1826
1125	i	e	k	s	1833	595	749
1126	e	l	b	d	1823	1865	1825
1127	e	l	i	k	13	1714	15
1128	e	l	k	a	475	637	477
1129	l	e	b	d	1865	1823	1696
1130	l	e	i	k	1714	13	893
1131	l	e	k	a	637	475	505
1132	e	y	d	p	1894	1895	582
1133	e	y	t	a	1897	672	481
1134	e	y	t	p	1902	1903	2404
1135	y	e	d	p	1895	1894	1513
1136	y	e	t	a	672	1897	671
1137	y	e	t	p	1903	1902	1904
1138	e	ɔ̃	d	p	1924	1569	582
1139	e	ɔ̃	k	s	595	1628	597
1140	e	ɔ̃	t	p	1931	1932	2404
1141	ɔ̃	e	d	p	1569	1924	1568
1142	ɔ̃	e	k	s	1628	595	1400
1143	ɔ̃	e	t	p	1932	1931	1933
1144	e	ɛ	k	s	595	1634	597
1145	e	ɛ	t	p	1879	1949	2404
1146	e	ɛ	t	a	500	2386	479
1147	ɛ	e	k	s	1634	595	1267
1148	ɛ	e	t	p	1949	1879	1950
1149	ɛ	e	t	a	2386	500	2395
1150	e	ʁ	d	p	580	790	582
1151	e	ʁ	b	i	2733	2734	2735
1152	e	ʁ	t	a	509	1274	481
1153	ʁ	e	d	p	790	580	791
1154	ʁ	e	t	a	1274	509	325
1155	ʁ	e	b	i	2734	2733	2802
1156	k	s	a	a	1984	2030	991
1157	k	s	e	ɔ	2037	1809	954
1158	k	s	ɛ	a	952	1796	1988
1159	s	k	a	a	2030	1984	1359
1160	s	k	e	ɔ	1809	2037	1810
1161	s	k	ɛ	a	1796	952	2031
1162	l	s	a	a	2086	1358	1986
1163	l	s	k	e	2087	1793	1076
1164	l	s	k	i	2091	2092	2093
1165	s	l	a	a	1358	2086	1359
1166	s	l	k	e	1793	2087	1349
1167	s	l	k	i	2092	2091	1330
1168	n	t	a	a	2143	1412	2144
1169	n	t	e	ɔ	275	1395	2156
1170	n	t	ɛ	d	2380	1415	1183
1171	t	n	a	a	1412	2143	1411
1172	t	n	e	ɔ	1395	275	2126
1173	t	n	ɛ	d	1415	2380	1416
1174	s	t	a	a	2167	1412	1359
1175	s	t	k	i	1328	1386	1330
1176	s	t	e	ɔ	1809	2176	1810
1177	t	s	a	a	1412	2167	1411
1178	t	s	k	i	1386	1328	1387
1179	t	s	e	ɔ	2176	1809	1395
1180	s	ɑ̃	a	k	2085	1923	2083
1181	s	ɑ̃	k	p	1207	1251	746
1182	s	ɑ̃	t	p	743	2204	1750
1183	ɑ̃	s	a	k	1923	2085	2194
1184	ɑ̃	s	k	p	1251	1207	1252
1185	ɑ̃	s	t	p	2204	743	2205
1186	s	ʁ	a	d	2412	1675	1975
1187	s	ʁ	e	ɔ	1810	2237	1809
1188	s	ʁ	a	t	1208	1273	103
1189	ʁ	s	a	d	1675	2412	2060
1190	ʁ	s	e	ɔ	2237	1810	2070
1191	ʁ	s	a	t	1273	1208	1272
1192	t	ɑ̃	s	f	2271	2272	2273
1193	t	ɑ̃	s	d	2275	2276	110
1194	t	ɑ̃	ɛ	f	2264	2265	1218
1195	ɑ̃	t	s	f	2272	2271	2274
1196	ɑ̃	t	s	d	2276	2275	168
1197	ɑ̃	t	ɛ	f	2265	2264	2266
1198	o	l	b	d	2517	2516	1739
1199	o	l	b	k	2518	2519	2520
1200	o	l	ɛ	t	1017	1016	1204
1201	ɔ̃	l	k	d	2732	723	1589
1202	ɔ̃	l	p	d	2794	1040	1927
1203	ɔ̃	l	i	f	2630	2629	2664
1204	l	ɔ̃	i	f	2629	2630	2631
1205	l	ɔ̃	k	d	723	2732	725
1206	l	ɔ̃	p	d	1040	2794	727
1207	d	f	ɛ	ɔ	355	356	357
1208	d	f	a	ɛ	229	353	1799
1209	d	f	i	ɛ	5	24	7
1210	f	d	ɛ	ɔ	356	355	358
1211	f	d	i	ɛ	24	5	25
1212	f	d	a	ɛ	353	229	239
1213	d	j	i	ɛ	5	52	7
1214	d	j	t	ɛ	1	50	51
1215	d	j	a	ɛ	1799	830	229
1216	j	d	t	ɛ	50	1	51
1217	j	d	i	ɛ	52	5	251
1218	j	d	a	ɛ	830	1799	249
1219	d	k	i	ɛ	5	58	7
1220	d	k	ɛ	ɔ	371	372	357
1221	d	k	a	ɛ	386	898	229
1222	k	d	ɛ	ɔ	372	371	373
1223	k	d	i	ɛ	58	5	948
1224	k	d	a	ɛ	898	386	254
1225	f	k	ɛ	ɔ	635	636	358
1226	f	k	i	ɛ	25	59	24
1227	f	k	a	ɛ	627	898	239
1228	k	f	i	ɛ	59	25	58
1229	k	f	ɛ	ɔ	636	635	373
1230	k	f	a	ɛ	898	627	254
1231	f	p	i	ɛ	25	95	24
1232	f	p	ɛ	ɔ	644	645	358
1233	f	p	a	ɛ	239	276	687
1234	p	f	a	ɛ	276	239	277
1235	p	f	i	ɛ	95	25	94
1236	p	f	ɛ	ɔ	645	644	646
1237	f	z	i	ɛ	673	674	24
1238	f	z	ɛ	ɔ	644	675	358
1239	f	z	a	ɛ	239	300	687
1240	z	f	a	ɛ	300	239	301
1241	z	f	i	ɛ	674	673	142
1242	z	f	ɛ	ɔ	675	644	420
1243	ʁ	f	i	ɛ	692	673	208
1244	ʁ	f	a	ɛ	323	239	324
1245	ʁ	f	k	a	690	478	691
1246	j	m	a	ɛ	628	387	250
1247	j	m	t	ɛ	799	71	51
1248	j	m	i	ɛ	52	73	53
1249	m	j	a	ɛ	387	628	265
1250	m	j	t	ɛ	71	799	72
1251	m	j	i	ɛ	73	52	74
1252	p	j	a	ɛ	392	369	277
1253	p	j	i	ɛ	94	801	95
1254	p	j	s	e	1306	865	394
1255	j	ʃ	i	ɛ	53	470	52
1256	j	ʃ	a	ɛ	882	883	250
1257	j	ʃ	a	e	885	886	817
1258	k	z	a	ɛ	898	947	255
1259	k	z	ɛ	ɔ	372	420	373
1260	k	z	i	ɛ	948	949	58
1261	z	k	a	ɛ	947	898	301
1262	z	k	i	ɛ	949	948	142
1263	z	k	ɛ	ɔ	420	372	421
1264	l	z	ɛ	ɔ	1045	420	1046
1265	l	z	a	ɛ	259	300	1086
1266	l	z	i	ɛ	2360	1291	382
1267	z	l	ɛ	ɔ	420	1045	421
1268	z	l	a	ɛ	300	259	301
1269	z	l	i	ɛ	1291	2360	302
1270	m	n	i	ɛ	1103	905	73
1271	m	n	t	ɛ	1101	1102	72
1272	m	n	a	ɛ	1100	270	265
1273	n	m	a	ɛ	270	1100	391
1274	n	m	t	ɛ	1102	1101	516
1275	n	m	i	ɛ	905	1103	80
1276	m	p	a	ɛ	264	276	265
1277	m	p	ɛ	ɔ	1108	645	1109
1278	m	p	i	ɛ	902	95	73
1279	p	m	a	ɛ	276	264	277
1280	p	m	ɛ	ɔ	645	1108	646
1281	p	m	i	ɛ	95	902	94
1282	m	z	a	ɛ	264	300	265
1283	m	z	ɛ	ɔ	1109	420	1115
1284	m	z	i	ɛ	1151	674	266
1285	z	m	a	ɛ	300	264	301
1286	z	m	ɛ	ɔ	420	1109	421
1287	z	m	i	ɛ	419	388	302
1288	p	z	a	ɛ	276	300	277
1289	p	z	i	ɛ	94	1291	95
1290	p	z	ɛ	ɔ	645	675	646
1291	z	p	a	ɛ	300	276	301
1292	z	p	i	ɛ	1291	94	302
1293	z	p	ɛ	ɔ	675	645	421
1294	t	z	ɛ	ɔ	1390	420	1391
1295	t	z	a	ɛ	289	300	2169
1296	t	z	i	ɛ	806	831	924
1297	z	t	ɛ	ɔ	420	1390	421
1298	z	t	a	ɛ	300	289	301
1299	z	t	i	ɛ	831	806	302
1300	f	j	a	i	629	630	631
1301	f	j	i	ɛ	24	52	652
1302	f	j	a	ɛ	627	628	239
1303	ʁ	v	i	a	1481	1325	1482
1304	ʁ	v	i	ɛ	1683	1483	208
1305	ʁ	v	a	ɛ	1684	296	324
1306	p	t	s	e	1021	1279	1306
1307	p	t	a	ɛ	1155	1160	392
1308	p	t	i	ɛ	94	924	95
1309	j	z	i	e	7000	7001	9000
1310	z	j	i	e	7001	7000	9001
1311	j	z	a	a	2548	1543	1965
1312	z	j	a	a	1543	2548	9002
1313	j	z	a	i	9003	7005	630
1314	z	j	a	i	7005	9003	1549
1315	ʒ	z	i	i	7007	7008	1679
1316	z	ʒ	i	i	7008	7007	1547
1317	ʒ	z	a	i	7016	7005	1676
1318	z	ʒ	a	i	7005	7016	1549
1319	ʒ	z	a	o	9004	7013	7014
1320	z	ʒ	a	o	7013	9004	7015
1321	ʒ	v	i	i	7062	7063	7007
1322	ʒ	v	a	u	7085	7086	7087
1323	v	ʒ	a	u	7086	7085	7088
1324	ʒ	v	a	i	7016	9005	1676
1325	v	ʒ	a	i	9005	7016	9006
1326	b	f	a	a	9007	7098	319
1327	f	b	a	a	7098	9007	696
1328	b	f	a	i	7112	631	7113
1329	f	b	a	i	631	7112	629
1330	b	f	a	ɔ	9008	7116	9009
1331	f	b	a	ɔ	7116	9008	7118
1332	u	ɔ	v	t	7133	7134	7135
1333	ɔ	u	v	t	7134	7133	7136
1334	u	ɔ	v	k	7137	9010	9011
1335	ɔ	u	v	k	9010	7137	9012
1336	u	ɔ	k	p	1437	9013	116
1337	ɔ	u	k	p	9013	1437	177
1338	ʃ	z	a	e	1556	1535	9014
1339	z	ʃ	a	e	1535	1556	1534
1340	ʃ	z	a	a	335	9002	9015
1341	z	ʃ	a	a	9002	335	1543
1342	ʃ	z	i	a	1098	7158	1099
1343	z	ʃ	i	a	7158	1098	143
1344	ʃ	f	ə	o	7167	7168	9016
1345	f	ʃ	ə	o	7168	7167	7170
1346	ʃ	f	a	a	335	698	9015
1347	f	ʃ	a	a	698	335	7098
1348	ʃ	f	ə	a	7172	7126	7173
1349	f	ʃ	ə	a	7126	7172	9017
1350	p	ɡ	ə	a	7177	7178	7179
1351	ɡ	p	ə	a	7178	7177	7180
1352	p	ɡ	i	a	9018	9019	9020
1353	ɡ	p	i	a	9019	9018	9021
1354	ɡ	p	a	a	1310	1309	320
1355	ɔ	ø	p	t	9022	9023	7147
1356	ø	ɔ	p	t	9023	9022	7192
1357	ɔ	ø	p	s	1637	1564	1442
1358	ø	ɔ	p	s	1564	1637	1562
1359	d	ʒ	a	a	445	699	443
1360	ʒ	d	a	a	699	445	697
1361	d	ʒ	i	i	452	1679	450
1362	ʒ	d	i	i	1679	452	7007
1363	d	ʒ	a	i	9024	1677	458
1364	ʒ	d	a	i	1677	9024	7016
1365	d	b	e	a	1803	311	1801
1366	b	d	e	a	311	1803	331
1367	d	b	i	a	231	230	233
1368	b	d	i	a	230	231	232
1369	d	b	e	i	2768	2563	2522
1370	b	d	e	i	2563	2768	2811
1371	d	z	a	i	1797	1550	9024
1372	z	d	a	i	1550	1797	7005
1373	d	z	i	i	450	1547	452
1374	z	d	i	i	1547	450	7008
1375	d	z	i	a	396	143	231
1376	z	d	i	a	143	396	7158
1377	j	t	a	a	2548	1411	1965
1378	t	j	a	a	1411	2548	1412
1379	j	t	s	e	497	406	495
1380	t	j	s	e	406	497	9025
1381	j	t	a	i	632	2111	9003
1382	t	j	a	i	2111	632	2113
1383	j	n	a	a	2548	2144	1965
1384	n	j	a	a	2144	2548	2143
1385	j	n	a	i	632	2146	9003
1386	n	j	a	i	2146	632	641
1387	l	b	a	a	1985	9007	2982
1388	b	l	a	a	9007	1985	319
1389	l	b	i	a	262	230	263
1390	b	l	i	a	230	262	232
1391	l	b	e	a	1033	311	1032
1392	b	l	e	a	311	1033	331
1393	k	ʁ	a	a	991	1665	9026
1394	ʁ	k	a	a	1665	991	9027
1395	k	ʁ	a	i	901	2053	899
1396	ʁ	k	a	i	2053	901	2054
1397	k	ʁ	i	i	2065	2066	996
1398	ʁ	k	i	i	2066	2065	2067
1399	a	u	d	t	9028	9029	1738
1400	u	a	d	t	9029	9028	9030
1401	a	u	p	s	123	124	125
1402	u	a	p	s	124	123	126
1403	a	u	k	s	119	120	121
1404	u	a	k	s	120	119	122
1405	a	y	s	k	9031	558	9032
1406	y	a	s	k	558	9031	559
1407	a	y	f	s	2935	2921	2537
1408	y	a	f	s	2921	2935	7151
1409	a	y	d	p	201	1518	203
1410	y	a	d	p	1518	201	9033
1411	a	ɔ	p	s	125	1443	123
1412	ɔ	a	p	s	1443	125	1637
1413	a	ɔ	s	k	9032	172	9031
1414	ɔ	a	s	k	172	9032	173
1415	a	o	s	k	44	1231	9031
1416	o	a	s	k	1231	44	524
1417	a	o	s	d	38	9034	40
1418	o	a	s	d	9034	38	91
1419	a	o	d	s	9035	88	34
1420	o	a	d	s	88	9035	9036
1421	ʁ	z	e	ɔ	2072	2459	2070
1422	z	ʁ	e	ɔ	2459	2072	303
1423	ʁ	z	i	a	1482	7020	1481
1424	z	ʁ	i	a	7020	1482	7158
1425	ʁ	z	a	i	2053	1549	2054
1426	z	ʁ	a	i	1549	2053	7005
1427	ɔ̃	y	t	p	9037	1904	1932
1428	y	ɔ̃	t	p	1904	9037	1903
1429	ɔ̃	y	s	k	9038	1521	2383
1430	y	ɔ̃	s	k	1521	9038	558
1431	i	ɔ	k	p	744	780	732
1432	ɔ	i	k	p	780	744	9013
1433	i	ɔ	s	k	2348	172	9039
1434	ɔ	i	s	k	172	2348	173
1435	b	t	i	a	232	291	230
1436	t	b	i	a	291	232	292
1437	b	t	e	ɔ	274	9040	272
1438	t	b	e	ɔ	9040	274	1394
1439	b	t	a	a	319	1411	9007
1440	t	b	a	a	1411	319	1412
1441	b	n	a	a	319	2144	9007
1442	n	b	a	a	2144	319	2143
1443	b	n	e	a	331	1185	9041
1444	n	b	e	a	1185	331	1187
1445	b	n	e	i	2563	2562	2811
1446	n	b	e	i	2562	2563	9042
1447	b	v	i	a	232	298	230
1448	v	b	i	a	298	232	931
1449	b	v	e	ɔ	274	1465	272
1450	v	b	e	ɔ	1465	274	1463
1451	b	v	e	a	311	1469	331
1452	v	b	e	a	1469	311	1467
1453	u	ɛ	p	s	1893	1945	124
1454	ɛ	u	p	s	1945	1893	1946
1455	u	ɛ	d	t	2589	2296	9030
1456	ɛ	u	d	t	2296	2589	9043
1457	ɑ̃	ɔ	d	k	1610	1611	589
1458	ɔ	ɑ̃	d	k	1611	1610	1612
1459	ɑ̃	ɔ	k	p	9044	177	1251
1460	ɔ	ɑ̃	k	p	177	9044	9013
1461	ɑ̃	ɛ̃	t	s	3022	3023	9045
1462	ɛ̃	ɑ̃	t	s	3023	3022	9046
1463	ɑ̃	ɛ̃	s	k	1250	614	1249
1464	ɛ̃	ɑ̃	s	k	614	1250	199
1465	ɑ̃	ɛ̃	i	s	2547	1646	2791
1466	ɛ̃	ɑ̃	i	s	1646	2547	2740
1467	ɛ	ɛ̃	s	k	198	200	197
1468	ɛ̃	ɛ	s	k	200	198	614
1469	ɛ	ɛ̃	s	d	1575	1460	9047
1470	ɛ̃	ɛ	s	d	1460	1575	9048
1471	ɛ	ø	s	k	197	573	198
1472	ø	ɛ	s	k	573	197	151
1473	ɛ	ø	d	t	2296	1233	9043
1474	ø	ɛ	d	t	1233	2296	1234
1475	s	ʃ	a	e	2038	9014	9049
1476	ʃ	s	a	e	9014	2038	1556
1477	s	ʃ	a	a	1790	335	1358
1478	ʃ	s	a	a	335	1790	9015
1479	s	ʃ	e	a	2035	1604	1802
1480	ʃ	s	e	a	1604	2035	333
1481	y	ɔ	t	d	7142	9050	2788
1482	ɔ	y	t	d	9050	7142	7128
1483	y	ɔ	t	p	9051	1254	1904
1484	ɔ	y	t	p	1254	9051	1256
1485	y	ɔ	p	s	7156	1443	7154
1486	ɔ	y	p	s	1443	7156	1637
1487	ɔ	ø	s	k	173	1561	172
1488	ø	ɔ	s	k	1561	173	573
1489	j	n	a	e	819	1197	817
1490	n	j	a	e	1197	819	1195
1491	a	ɔ	k	p	9052	177	9053
1492	ɔ	a	k	p	177	9052	9013
1493	ɔ̃	y	s	s	1447	2815	1446
1494	i	ɔ	d	k	9054	1611	9055
1495	ɔ	i	d	k	1611	9054	1612
1496	u	ɛ	k	s	1322	1351	120
1497	ɛ	u	k	s	1351	1322	1266
1498	ɑ̃	ɔ	t	p	2204	1254	9056
1499	ɔ	ɑ̃	t	p	1254	2204	1256
1500	ɛ	ɛ̃	i	d	610	989	612
1501	ɛ̃	ɛ	i	d	989	610	988
1502	ɛ	ø	p	d	1943	1048	9057
1503	ø	ɛ	p	d	1048	1943	9058
1504	y	ɔ̃	s	s	2815	1446	2925
1505	v	ʒ	i	i	7063	7062	7064
1506	p	ɡ	a	a	1309	1310	1311
1507	j	ʁ	a	a	1965	10000	1966
1508	ʁ	j	a	a	10000	1965	1664
1509	j	ʁ	a	i	632	2053	2358
1510	ʁ	j	a	i	2053	632	2054
1511	j	ʁ	a	d	877	1674	2359
1512	ʁ	j	a	d	1674	877	1675
1513	l	f	a	a	2905	698	1985
1514	f	l	a	a	698	2905	696
1515	l	f	e	a	1087	688	1033
1516	f	l	e	a	688	1087	659
1517	l	f	i	a	263	655	262
1518	f	l	i	a	655	263	654
1519	m	t	a	a	2105	10001	2107
1520	t	m	a	a	10001	2105	1411
1521	m	t	a	i	10002	2111	639
1522	t	m	a	i	2111	10002	2113
1523	m	t	i	a	1111	1381	268
1524	t	m	i	a	1381	1111	292
1525	ʁ	b	a	a	10000	321	1664
1526	b	ʁ	a	a	321	10000	10003
1527	ʁ	b	a	i	2053	7113	2054
1528	b	ʁ	a	i	7113	2053	7112
1529	ʁ	b	a	s	10004	307	1148
1530	b	ʁ	a	s	307	10004	341
1531	ʁ	p	a	a	1665	1311	1664
1532	p	ʁ	a	a	1311	1665	10005
1533	ʁ	p	k	a	10006	531	690
1534	p	ʁ	k	a	531	10006	10007
1535	ʁ	p	i	a	2565	397	1481
1536	p	ʁ	i	a	397	2565	10008
1537	ʒ	n	a	i	1676	2146	1677
1538	n	ʒ	a	i	2146	1676	641
1539	ʒ	n	a	a	697	2143	699
1540	n	ʒ	a	a	2143	697	2686
1541	ʒ	n	i	i	10009	10010	1678
1542	n	ʒ	i	i	10010	10009	1190
1543	e	ɔ	k	s	595	596	597
1544	ɔ	e	k	s	596	595	598
1545	e	ɔ	d	k	17	1611	584
1546	ɔ	e	d	k	1611	17	1612
1547	e	ɔ	t	p	1879	1256	2404
1548	ɔ	e	t	p	1256	1879	1254
1549	ɛ	y	d	s	1619	135	193
1550	y	ɛ	d	s	135	1619	134
1551	ɛ	y	s	k	198	559	786
1552	y	ɛ	s	k	559	198	558
1553	ɛ	y	d	p	10011	1527	10012
1554	y	ɛ	d	p	1527	10011	1511
1555	ɛ	o	a	k	2140	2808	10013
1556	o	ɛ	a	k	2808	2140	2809
1557	ɛ	o	s	k	198	10014	786
1558	o	ɛ	s	k	10014	198	10015
1559	ɛ	o	s	d	195	9034	196
1560	o	ɛ	s	d	9034	195	91
1561	n	s	i	a	10016	1324	1162
1562	s	n	i	a	1324	10016	285
1563	n	s	a	i	2146	1970	641
1564	s	n	a	i	1970	2146	1363
1565	n	s	a	a	2143	2167	2686
1566	s	n	a	a	2167	2143	1358
267	i	k	s	ɛ	2473	961	366
528	l	ɡ	a	ɛ	1086	315	259
545	l	ʃ	a	ɛ	1086	329	259
732	ʒ	p	i	ɛ	1317	94	222
843	t	ʒ	i	ɛ	407	222	114
1095	ʒ	ʁ	i	ɛ	1317	2367	222
