index	#file	onset	offset	#phone	prev-phone	next-phone	speaker
28	22268	0.3325	0.7625	ɑ	p	s	3347
26	7180	0.65	0.92	ɑ	p	s	8824
1925	24928	0.3	0.63	æ	p	s	6509
1845	2566	0.56	0.91	ɑ	b	k	8193
1846	14726	0.61250	0.87956	æ	b	k	8193
1850	2186	0.37	0.72	ɑ	k	s	3851
1912	5269	0.525	0.755	æ	k	s	5802
60	6931	0.56002	0.80348	ɑ	p	s	5802
61	13688	0.3475	0.7175	ɛ	p	s	5802
54	2271	0.28250	0.62258	ɑ	k	p	1571
55	14005	0.6925	0.9225	ɛ	k	p	1571
56	14250	0.44000	0.71387	ɑ	k	p	8824
57	17979	0.41124	0.58876	ɛ	k	p	2294
72	26154	0.27750	0.82377	ɑ	ʃ	k	2741
73	2242	0.495	0.935	eɪ	ʃ	k	2741
74	7032	0.2475	0.5875	ɑ	ʃ	k	6509
75	10295	0.4375	0.7375	eɪ	ʃ	k	3347
1921	9235	0.28500	0.70204	i	b	k	8193
2644	18574	0.22750	0.58707	i	b	k	2741
86	24883	0.55250	0.85082	i	ʃ	k	2741
87	10623	0.23250	0.45012	i	ʃ	k	8193
99	1826	0.51250	0.86434	ɑ	s	f	2294
97	18461	0.5225	0.8825	ɑ	s	f	4926
93	5953	0.3625	0.7325	ɑ	p	z	3347
94	907	0.4975	0.9375	oʊ	p	z	3347
95	25846	0.21250	0.57524	ɑ	p	z	511
96	5070	0.27260	0.57862	oʊ	p	z	4926
2393	8208	0.37780	0.54692	s	t	p	2294
1890	22634	0.43250	0.61074	s	t	p	5802
293	6476	0.48563	0.61243	s	k	t	6509
18	23300	0.42750	0.77981	ɑ	k	t	6509
125	26086	0.39000	0.56171	æ	t	k	5189
23	7295	0.57000	0.82546	ʌ	t	k	5189
126	12983	0.69	0.92	æ	t	k	2294
21	16630	0.40500	0.73754	ʌ	t	k	511
127	16250	0.56500	0.83050	æ	k	p	5802
128	20817	0.7225	0.9425	ʌ	k	p	5802
129	8344	0.41250	0.74250	æ	k	p	4926
130	7442	0.3725	0.5925	ʌ	k	p	8193
183	21762	0.42750	0.74938	æ	s	t	8193
0	19013	0.5975	0.8275	ɑ	p	t	3347
153	20068	0.71387	0.86750	æ	h	d	8193
171	7139	0.3125	0.5825	æ	s	k	2294
571	14975	0.3225	0.6225	ɛ	s	k	5802
76	7301	0.59	0.8	eɪ	t	k	6509
1909	19485	0.42750	0.60398	eɪ	k	t	5802
1911	578	0.3075	0.5875	eɪ	k	t	4926
123	22938	0.4475	0.6775	æ	d	z	8193
2589	157	0.5475	0.7775	ɪ	t	k	8824
1917	1605	0.67500	0.87280	ɪ	k	t	5802
3627	25867	0.26	0.75	æ	d	z	8824
1926	15330	0.3275	0.6075	æ	h	p	8193
1928	14002	0.64000	0.88125	æ	h	p	6509
191	17664	0.32	0.65	oʊ	d	z	3347
192	23796	0.36250	0.52790	oʊ	d	z	2294
199	21536	0.7375	0.9375	s	t	k	1571
105	6701	0.45500	0.64286	s	t	k	511
101	18943	0.55750	0.81193	s	p	t	6895
210	20760	0.48250	0.64455	æ	p	t	5802
102	14548	0.55750	0.76628	s	p	t	8193
119	3367	0.69000	0.84803	ʊ	t	k	6509
114	14494	0.70250	0.86603	ʊ	p	t	3347
251	3367	0.48	0.59	ʌ	b	t	6509
239	14265	0.8225	0.9325	ʌ	b	t	1571
106	22996	0.51000	0.81362	s	t	k	2741
298	11272	0.44750	0.60567	t	s	f	1571
110	21275	0.56250	0.75614	t	s	f	4926
1896	1158	0.36559	0.64750	t	k	s	3851
2966	20475	0.515	0.745	ʌ	s	b	8824
1970	18493	0.58000	0.75107	t	s	b	8193
2972	1399	0.35500	0.52452	d	æ	s	3347
1976	23611	0.36250	0.67499	b	æ	s	8193
1977	1674	0.6975	0.9175	d	æ	s	6509
2078	12648	0.6325	0.8325	b	z	ɪ	1571
2296	21415	0.79750	0.93750	d	z	ɪ	1571
2302	11890	0.56250	0.70542	d	z	ɪ	5189
2997	9298	0.62000	0.85082	b	z	ɛ	3851
2285	4770	0.45000	0.64963	d	z	ɛ	3851
633	20333	0.69250	0.89959	b	z	ɛ	5189
2086	2907	0.7425	0.9325	v	z	ɪ	5189
2085	18720	0.38500	0.56509	v	z	ɪ	188
2083	8063	0.80348	0.90999	b	d	ɛ	2294
2975	12162	0.52	0.7	b	d	ɛ	5189
635	7393	0.755	0.935	b	z	ɛ	3347
786	10423	0.25500	0.61581	v	z	ɛ	3347
2105	14587	0.73500	0.92014	tʃ	ɪ	ð	5802
2106	22461	0.68000	0.87449	d	ɪ	ð	5802
2107	20371	0.6425	0.8425	tʃ	ɪ	ð	3347
2108	11934	0.75500	0.92859	d	ɪ	ð	8193
2109	16410	0.615	0.845	tʃ	z	ɑ	5189
2110	10730	0.705	0.895	d	z	ɑ	5189
2112	13526	0.43250	0.58200	d	z	ɑ	8824
2102	23797	0.46750	0.62427	d	æ	t	1571
3037	4681	0.28750	0.54142	tʃ	æ	t	2294
2104	20476	0.34750	0.49070	d	æ	t	8193
2222	11000	0.55250	0.79841	f	z	ɑ	8193
2221	8809	0.44250	0.70373	f	z	ɑ	5189
2163	9668	0.69697	0.84237	tʃ	ɪ	ð	8824
2441	17413	0.62750	0.80855	f	ɪ	ð	8824
3045	22876	0.41250	0.63103	tʃ	ɪ	p	8193
3047	7691	0.54311	0.74600	tʃ	ɪ	p	4926
3270	13699	0.36750	0.59891	f	ɪ	p	1571
2139	2950	0.40250	0.59891	k	z	ɑ	5189
2140	3063	0.20328	0.55495	k	z	ɑ	4926
821	22097	0.50423	0.66653	tʃ	ɪ	s	3347
855	13972	0.535	0.765	k	ɪ	s	3347
819	18937	0.53128	0.72909	tʃ	ɪ	s	8193
1548	4640	0.3425	0.5625	k	ɪ	s	1571
2721	1108	0.46250	0.69697	k	æ	t	6509
3486	24785	0.63	0.81	m	ɪ	p	8193
3484	316	0.68000	0.82039	m	ɪ	p	188
3054	12264	0.49500	0.72402	m	z	ɛ	5189
1637	8195	0.43750	0.65301	m	z	ɛ	188
2135	12998	0.33250	0.49239	tʃ	ɪ	f	3347
3507	23675	0.55500	0.73247	n	ɪ	f	8824
3061	539	0.55250	0.81531	tʃ	z	ɑ	3347
2698	23059	0.36250	0.63441	n	ɪ	s	1571
3060	20849	0.36250	0.56678	ŋ	ɪ	f	2294
2165	23512	0.53	0.75	ŋ	ɪ	ð	6509
872	6745	0.58538	0.77136	ŋ	ɪ	s	3347
1516	1758	0.6825	0.8825	ŋ	ɪ	s	5189
3555	19671	0.45500	0.62934	z	ɪ	ð	8824
2531	7393	0.70500	0.86096	z	ɪ	b	3347
2117	22225	0.29627	0.58200	tʃ	ɪ	b	5189
2530	20333	0.65250	0.82546	z	ɪ	b	5189
2151	15098	0.62500	0.81024	tʃ	ɪ	ɑ	3347
2203	21543	0.65500	0.87280	z	ɪ	ɑ	3347
2153	3250	0.6825	0.8525	tʃ	ɪ	ɑ	5189
2460	2361	0.54000	0.76459	f	æ	t	8193
2462	13748	0.34750	0.56678	f	æ	t	6509
1315	17042	0.42138	0.67000	f	v	ɪ	6509
936	4316	0.44505	0.57862	d	v	ɪ	3851
1313	13316	0.70204	0.88463	f	v	ɪ	8824
2242	15519	0.5775	0.7575	d	ʊ	ɪ	5189
1540	22563	0.49750	0.70882	k	z	ɛ	4926
646	14714	0.4275	0.6575	d	s	ɪ	188
2749	3907	0.6825	0.8725	l	s	ɪ	4926
3699	4919	0.6075	0.7375	l	ɪ	ð	8193
3701	9020	0.61	0.83	l	ɪ	ð	6509
2144	4754	0.3625	0.5625	l	z	ɛ	5189
2238	12573	0.40000	0.57355	d	z	ʌ	2294
2675	4568	0.73250	0.91168	m	z	ʌ	2294
2240	7057	0.7025	0.9425	d	z	ʌ	3347
975	12836	0.65500	0.83222	d	ɪ	s	8824
4002	25485	0.56250	0.69697	n	ɪ	ð	8193
4003	7682	0.7925	0.9025	n	ɪ	ð	6509
2554	23090	0.455	0.755	p	z	ɑ	3347
1673	727	0.6675	0.8875	p	ɪ	s	188
2260	6875	0.5325	0.6825	d	ɛ	ɪ	5802
2798	8951	0.575	0.765	ɹ	ɛ	ɪ	3347
2254	24571	0.2725	0.6025	d	ɛ	ɪ	4926
2679	7216	0.4	0.66	ɹ	z	ʌ	8193
2067	21041	0.42500	0.70542	t	æ	s	8193
3110	1267	0.7175	0.8675	d	æ	ð	5802
3922	8219	0.6525	0.7625	t	æ	ð	5802
3112	3614	0.515	0.695	d	æ	ð	3347
3924	9629	0.6175	0.8375	d	ʊ	s	3851
3925	21977	0.37000	0.58369	t	ʊ	s	3851
3926	6899	0.29750	0.52113	d	ʊ	s	6509
3929	22825	0.4325	0.7025	t	ʊ	s	2741
3147	2033	0.4425	0.6225	d	æ	ð	188
3148	8810	0.7125	0.9125	v	æ	ð	188
3149	673	0.56	0.81	v	æ	ð	511
3150	25324	0.4325	0.7125	d	v	ʌ	5802
3714	10308	0.60250	0.79164	w	v	ʌ	5802
3152	8319	0.60250	0.78488	d	v	ʌ	6895
2930	643	0.55	0.69	w	v	ʌ	8824
793	9509	0.52750	0.67668	w	z	ɛ	4926
916	5494	0.46365	0.73416	w	z	ɛ	5189
1983	176	0.4725	0.6625	d	v	ɪ	5189
2587	25035	0.5975	0.7375	z	v	ɪ	5189
2311	19525	0.62	0.75	z	v	ɪ	8824
2114	26107	0.39224	0.51186	ð	ɪ	ɪ	8824
2503	775	0.68	0.85	n	ɪ	ɪ	8824
2354	21642	0.70985	0.82431	ð	ɪ	ɪ	5802
2157	5604	0.6875	0.9075	n	ɪ	ɪ	6509
451	19794	0.4525	0.7325	ð	t	ʌ	6509
514	12980	0.5475	0.7775	n	t	ʌ	6509
449	3422	0.305	0.735	ð	t	ʌ	8193
1157	5219	0.5825	0.8325	n	t	ʌ	2294
3175	1195	0.44000	0.56847	ð	z	ɛ	8824
1373	10610	0.395	0.665	n	z	ɛ	5189
1091	3926	0.3825	0.7925	eɪ	s	t	4926
194	12154	0.22750	0.49915	oʊ	s	t	188
522	25382	0.27	0.61	oʊ	s	k	6509
2400	22198	0.4575	0.6975	eɪ	t	k	8824
2588	3393	0.3125	0.5525	ɪ	s	k	5189
341	10364	0.21000	0.50254	i	s	t	4926
3231	17094	0.4025	0.6525	i	s	v	3851
3235	7898	0.4225	0.7325	eɪ	s	f	3851
2417	25509	0.47548	0.59045	h	v	ɪ	6509
2019	13410	0.68500	0.84067	h	v	ɪ	8193
469	1465	0.415	0.635	f	t	ɪ	8193
480	2688	0.7225	0.8625	h	t	ɪ	8193
2575	24635	0.53250	0.65470	h	t	ɪ	5189
674	5920	0.5075	0.7375	f	z	ɛ	5189
841	10342	0.28750	0.56509	h	z	ɛ	5189
2128	6665	0.48250	0.74769	f	z	ɛ	274
2443	10018	0.50155	0.64963	f	ɪ	t	5189
2724	972	0.47250	0.59642	k	ɪ	t	5189
2318	21588	0.44000	0.64286	f	ɪ	t	6509
2722	9997	0.65000	0.81024	k	ɪ	t	3851
3247	1387	0.53750	0.77474	f	ɛ	t	5189
3251	18531	0.3875	0.6175	l	ɛ	t	5189
3091	24314	0.3525	0.5825	f	ɛ	t	8193
2426	20225	0.46236	0.62220	l	ɪ	ɪ	3851
2771	9314	0.2675	0.6575	l	ɪ	t	8193
2772	11723	0.42500	0.59214	l	ɪ	t	6509
3052	4722	0.4275	0.6275	m	ɪ	ɪ	8824
2146	5249	0.4225	0.5925	m	ɪ	ɪ	8193
3491	2627	0.28500	0.47379	m	ɪ	t	8193
3157	3386	0.57750	0.72740	f	ɪ	h	3851
3754	21128	0.41750	0.57185	m	ɪ	h	3851
2316	23549	0.38250	0.53635	f	ɪ	h	4926
3818	10433	0.43250	0.57693	m	ɪ	h	1571
3176	14121	0.505	0.735	ŋ	ɪ	h	3851
2359	20961	0.7025	0.8825	ŋ	ɪ	h	5189
3121	23982	0.66241	0.85112	ŋ	ɪ	t	188
2444	15862	0.45102	0.62117	ŋ	ɪ	t	5189
3288	23393	0.5525	0.7425	f	ʌ	t	5802
2458	17012	0.4	0.65	f	ʌ	t	3347
2853	10307	0.58250	0.76628	s	ɪ	t	5189
2892	24067	0.26750	0.51775	s	æ	t	6509
2002	6585	0.5375	0.7775	f	z	ɪ	3347
3027	4185	0.3475	0.6375	w	v	ɪ	2741
2376	6617	0.6375	0.9075	z	ɪ	h	8193
1360	210	0.56509	0.72402	h	s	ɪ	3347
688	24767	0.51250	0.67499	h	s	ɪ	6509
1329	13035	0.4725	0.6325	m	s	ɪ	6895
3880	23222	0.7175	0.8675	h	v	ɪ	3347
2996	16623	0.5575	0.7475	m	v	ɪ	3347
2039	18585	0.44	0.63	m	v	ɪ	4926
1238	17563	0.31487	0.53297	h	d	ɪ	5802
1150	2274	0.6225	0.8525	m	d	ɪ	5802
2481	9622	0.57	0.76	h	d	ɪ	3851
2804	25820	0.4375	0.6075	m	d	ɪ	3347
3321	7913	0.52750	0.79503	h	v	ɛ	3851
2556	13253	0.36052	0.55664	p	v	ɛ	3851
3322	13610	0.39000	0.57524	h	v	ɛ	4926
3324	13621	0.7025	0.9325	p	v	ɛ	1571
3769	3103	0.27250	0.63948	h	d	ɑ	511
3770	16710	0.61581	0.85420	p	d	ɑ	511
3771	3833	0.45250	0.70373	h	d	ɑ	8193
3772	17475	0.62258	0.83750	p	d	ɑ	188
2415	14442	0.34530	0.52790	h	z	ɑ	8193
2684	3088	0.15933	0.44843	s	v	ɛ	4926
3396	16477	0.5075	0.8275	s	v	ɛ	511
1187	19566	0.6825	0.8625	s	t	ɪ	6509
1186	6013	0.54	0.7	s	t	ɪ	8824
1048	1376	0.56	0.79	h	t	ɛ	5189
3982	8633	0.4975	0.7275	s	t	ɛ	5189
2572	10884	0.46872	0.74092	h	k	ɪ	8193
2582	19047	0.4925	0.7225	w	k	ɪ	8193
2570	749	0.5325	0.6825	h	k	ɪ	3347
2785	7932	0.705	0.895	w	k	ɪ	8824
2687	13912	0.66	0.82	w	v	ɛ	3851
2590	25163	0.31250	0.48394	i	b	t	5189
487	887	0.325	0.575	i	f	t	5802
174	1409	0.56500	0.84744	ɪ	f	t	5189
3785	23236	0.5825	0.8425	ɪ	s	f	188
3349	25005	0.62500	0.85758	ɪ	s	f	4926
104	7486	0.48	0.75	s	d	t	8193
81	13915	0.3475	0.7075	ɪ	d	t	8193
103	17580	0.3875	0.5875	s	d	t	6509
2595	5257	0.57500	0.73247	ɪ	p	t	188
79	21359	0.56000	0.76290	ɪ	p	t	4926
540	10114	0.66000	0.85420	t	s	k	1571
541	22948	0.475	0.735	t	s	k	5189
544	5857	0.6275	0.9075	ʊ	f	t	5802
2648	23410	0.60736	0.83391	u	h	s	8193
3352	19827	0.65	0.9	ɪ	d	s	1571
3353	22449	0.6725	0.8725	ɪ	d	s	6509
3794	5585	0.5675	0.7775	i	ð	z	6509
3795	8845	0.4225	0.6725	oʊ	ð	z	4926
117	2225	0.56250	0.79672	ʊ	ʃ	k	2294
3633	12850	0.7225	0.9325	i	h	d	5802
1206	7833	0.5725	0.8425	ʊ	h	d	5802
387	17110	0.47250	0.67161	i	h	d	3347
546	8311	0.6075	0.8375	ʊ	h	d	4926
3404	2542	0.57889	0.71501	k	ɛ	f	5802
3248	2926	0.745	0.915	k	ɛ	t	5189
3250	24202	0.4675	0.6375	k	ɛ	t	6509
2024	2144	0.2375	0.6775	k	t	æ	3851
2718	3971	0.43000	0.62596	k	z	ʌ	8824
2660	13065	0.4625	0.6625	k	z	ʌ	2294
3804	23240	0.5325	0.7225	n	ɪ	t	3851
1142	20277	0.4375	0.7075	k	t	ʌ	188
3430	18465	0.59	0.8	k	æ	s	2294
3566	801	0.5725	0.7425	p	æ	s	2294
2990	26086	0.47000	0.65639	k	æ	s	5189
712	13186	0.5225	0.7725	k	s	ɪ	5189
3652	12473	0.62750	0.83053	k	d	ʌ	3347
3433	24941	0.6825	0.8625	w	d	ʌ	3347
2986	22045	0.5075	0.7875	k	d	ʌ	188
2694	22785	0.3525	0.5725	k	æ	ɪ	5189
2748	6312	0.77	0.93	m	ɪ	ɪ	3851
861	22817	0.75445	0.89647	l	ɪ	s	8193
2355	25356	0.5075	0.7675	n	ɪ	ɪ	5802
3298	11868	0.4425	0.8525	l	ɪ	z	5802
3819	25232	0.32750	0.50761	ŋ	ɪ	z	5802
3300	10749	0.1	0.67	l	ɪ	z	6509
3451	22109	0.4475	0.9175	ŋ	ɪ	z	8193
2756	23744	0.68175	0.82377	l	ɪ	h	2741
2758	20136	0.65750	0.79672	l	ɪ	h	8193
3453	14040	0.31	0.66	l	s	æ	5802
2623	11546	0.35000	0.57355	p	s	æ	6509
3454	17794	0.65250	0.82039	p	ɛ	t	5189
3123	8690	0.61750	0.78488	p	ɛ	t	6509
1342	15287	0.49	0.68	t	s	ɪ	1571
3905	19794	0.4125	0.5825	t	ɪ	ð	6509
3901	11571	0.625	0.795	t	ɪ	ð	3347
3551	3194	0.7775	0.9375	v	ɪ	z	6509
3550	2265	0.6925	0.8725	v	ɪ	z	8824
2378	15997	0.5775	0.7975	z	ɪ	h	6509
3482	1021	0.69500	0.88801	m	ɪ	z	8193
2037	9240	0.29500	0.49577	m	d	ɛ	6509
2546	22067	0.51000	0.80517	m	d	ɛ	188
2801	2228	0.6375	0.8875	m	ʌ	t	2294
3677	378	0.41250	0.58538	v	ʌ	t	2294
3490	24723	0.63750	0.81193	m	ʌ	t	4926
2902	21612	0.47250	0.77474	v	ʌ	t	2741
4019	11387	0.65	0.9	m	v	ʌ	3851
4020	18901	0.3625	0.5725	w	v	ʌ	3851
1822	21642	0.5825	0.7525	w	d	ɪ	5802
3611	17951	0.5375	0.7175	w	d	ɪ	8193
2256	10543	0.64	0.83	m	z	ɛ	6509
3950	6356	0.69500	0.86434	z	ɪ	h	1571
1233	25341	0.50500	0.64076	z	d	ɪ	5802
2097	1111	0.39750	0.58817	z	d	ɪ	4926
3836	16167	0.6725	0.8725	n	ɪ	z	8824
3508	13530	0.2975	0.5775	ŋ	ɪ	f	8824
3946	2563	0.64750	0.80163	t	ɪ	h	3347
2370	11311	0.67000	0.85927	v	ɪ	h	188
2371	3265	0.72	0.87	v	ɪ	h	4926
3527	11036	0.8075	0.9375	n	ʌ	ɪ	1571
3602	16305	0.6425	0.7725	v	ʌ	ɪ	1571
3529	20001	0.5775	0.8575	n	ʌ	ɪ	3851
2194	25004	0.64794	0.88250	v	ʌ	ɪ	6509
3545	15159	0.5075	0.8075	n	ɑ	ɪ	2741
1701	20216	0.69697	0.81193	s	b	t	2294
290	10670	0.36750	0.56509	s	b	t	1571
1704	10766	0.35750	0.60060	s	t	d	5802
1705	2951	0.43153	0.63779	s	t	d	6509
2863	25756	0.20000	0.56847	oʊ	s	b	2741
296	15068	0.4975	0.6975	t	s	ð	8193
358	9316	0.3575	0.6275	t	s	ð	6509
1763	10427	0.5775	0.7975	s	k	k	4926
2374	8690	0.4175	0.6675	w	s	ɛ	6509
2571	24861	0.6125	0.7825	t	k	ɪ	3347
3716	2957	0.4925	0.6725	z	ɪ	ð	6509
2734	4771	0.6275	0.8375	v	s	ɛ	2294
2733	19937	0.6125	0.8325	v	s	ɛ	188
3612	22457	0.415	0.555	w	z	ɪ	188
3871	8677	0.36500	0.53804	v	z	ɛ	188
4167	21380	0.5975	0.9175	ɹ	ɑ	f	8193
4190	10446	0.5875	0.8675	ɹ	ɑ	f	4926
4166	20840	0.42250	0.60398	t	ɑ	f	8824
4168	696	0.675	0.835	ɹ	ɑ	ð	8193
4169	3639	0.575	0.875	t	ɑ	ð	8193
1923	3434	0.58250	0.85927	i	b	s	2741
4199	17085	0.6625	0.9425	ʌ	ʃ	t	188
4201	23242	0.6	0.82	ʌ	ʃ	t	2294
3930	19671	0.505	0.775	ð	z	æ	8824
4295	8100	0.67668	0.81362	ð	d	ɛ	5189
4292	12833	0.665	0.785	ð	d	ɛ	8193
3013	6084	0.25500	0.58369	b	s	æ	188
3283	14462	0.48750	0.70373	f	s	æ	188
3012	8150	0.55000	0.81024	b	s	æ	8824
3281	24447	0.3525	0.6225	f	s	æ	3347
2580	14879	0.75500	0.88500	h	z	ɪ	3347
2010	25675	0.7025	0.8525	b	d	ɪ	3851
774	17656	0.58750	0.73923	b	d	ɪ	3347
3975	3209	0.70500	0.88619	h	s	æ	511
2026	25875	0.41750	0.74261	k	z	ɪ	8193
3651	14402	0.5875	0.8675	b	æ	s	5189
4214	8712	0.47750	0.66963	b	v	ɑ	1571
2486	571	0.34250	0.68344	k	v	ɑ	2741
4215	10465	0.38	0.64	b	v	ɑ	8824
2071	21536	0.4275	0.6275	b	ʌ	dʒ	1571
4218	2192	0.6675	0.9075	l	ʌ	dʒ	1571
2043	21180	0.45	0.71	b	æ	s	6509
4222	3164	0.475	0.735	n	v	ɑ	8824
4226	8894	0.53000	0.67685	ɹ	z	ɪ	5189
4225	8178	0.5725	0.8625	ɹ	z	ɪ	3851
2627	23159	0.61250	0.87381	ɹ	s	æ	8824
2626	25962	0.39250	0.60467	ɹ	s	æ	2294
3884	9988	0.4225	0.6825	ɹ	d	ɛ	5189
3865	5751	0.26250	0.41462	p	æ	t	3347
2161	10614	0.33250	0.68344	tʃ	ʌ	æ	4926
2159	15037	0.4125	0.7325	tʃ	ʌ	æ	3851
2183	1861	0.4525	0.7625	s	ʌ	æ	8824
3082	21872	0.35500	0.59891	tʃ	ʌ	t	4926
4245	19902	0.49250	0.72402	s	ʌ	t	4926
3676	1324	0.50250	0.70711	tʃ	ʌ	t	2294
3668	57	0.50567	0.67685	tʃ	ɪ	h	3347
4253	11243	0.435	0.595	d	z	ɪ	3347
4262	9328	0.56002	0.73754	d	z	ɪ	511
2232	11021	0.73460	0.89547	d	v	ɪ	1571
3018	6046	0.53558	0.75250	s	v	ɪ	1571
2065	21732	0.53042	0.78203	s	v	ɪ	5802
4271	4534	0.39750	0.61750	ð	s	æ	2294
3185	11500	0.58250	0.81606	ð	s	æ	1571
3221	4223	0.415	0.635	ɛ	t	s	5802
4300	5342	0.4925	0.7425	ɪ	t	s	5802
3223	18085	0.2375	0.5975	ɛ	t	s	6895
4303	8048	0.37	0.69	ɛ	s	p	1571
4304	23081	0.49	0.77	u	s	p	1571
3222	19177	0.60500	0.89816	u	t	s	5802
3956	6025	0.46750	0.73585	f	s	ɑ	2741
3954	963	0.57	0.84	f	s	ɑ	8824
2905	25920	0.3925	0.6725	v	ɪ	t	4926
3974	17685	0.695	0.915	h	t	æ	3851
483	923	0.4725	0.6325	h	t	æ	8193
4270	8010	0.4425	0.7825	k	s	æ	511
2705	530	0.4225	0.6925	k	s	æ	6895
4105	19527	0.3625	0.7125	w	s	ɑ	2741
3945	18407	0.44750	0.66653	t	ɪ	s	3347
4314	1376	0.52	0.71	t	ɪ	h	5189
4411	24450	0.4825	0.6525	ŋ	ɑ	ɡ	1571
4368	5970	0.43000	0.71387	t	ɑ	s	4926
4434	23153	0.295	0.565	p	ɑ	s	8193
4366	12605	0.54250	0.78488	t	ɑ	s	1571
2998	8989	0.3675	0.6875	m	z	ɛ	3851
4469	14276	0.49408	0.60398	b	v	ɪ	511
4221	20685	0.38500	0.58876	m	v	ɪ	511
4528	8839	0.55833	0.65470	ɡ	ɪ	z	8824
4327	5956	0.27000	0.50000	ɡ	ɛ	z	3851
4328	21453	0.57500	0.72571	n	ɛ	z	3851
4536	15316	0.63610	0.81250	h	d	ɛ	188
4554	15014	0.7025	0.8725	k	ʊ	ð	2294
4555	2988	0.8125	0.9325	t	ʊ	ð	2294
3455	9617	0.625	0.885	ɹ	ɛ	ɑ	5189
3446	22113	0.395	0.625	l	ɛ	ɑ	5189
3448	7897	0.2975	0.5575	l	ɛ	ɑ	2741
1572	5708	0.28	0.57	ɹ	ɡ	æ	5802
3592	7767	0.38250	0.59211	s	ɪ	t	3851
501	15138	0.5725	0.8025	l	t	ɛ	5802
3459	11648	0.39430	0.59745	l	k	ɛ	511
3460	26125	0.3875	0.6575	s	k	ɛ	511
3461	17185	0.3575	0.5875	l	k	ɛ	8193
3462	21488	0.47379	0.67750	s	k	ɛ	6509
2180	15236	0.49250	0.68407	s	ɪ	ɪ	8824
4504	11083	0.63767	0.82225	s	ɪ	ɪ	1571
4564	21308	0.5075	0.6175	m	ʌ	b	188
3590	18867	0.43250	0.65639	s	ʌ	b	188
3829	9120	0.53750	0.71556	m	ʌ	b	8193
3591	13855	0.31490	0.56678	s	ʌ	b	4926
3522	6198	0.54500	0.77378	ʃ	ʌ	b	188
1192	12848	0.74000	0.88103	ʃ	d	ɪ	4926
1191	25791	0.3725	0.8325	ʃ	d	ɪ	8193
2262	9030	0.735	0.915	n	ɛ	ɪ	8193
4567	26090	0.6575	0.8375	n	ɛ	ɪ	188
4333	18312	0.36027	0.55001	ɹ	ɛ	z	8193
4332	24317	0.2525	0.6425	ɹ	ɛ	z	3851
3521	26254	0.66000	0.85216	n	ʌ	b	188
3260	9443	0.3625	0.5925	ŋ	ɪ	ɛ	188
2440	15510	0.39	0.6	ŋ	ɪ	ɛ	2294
2060	11670	0.545	0.815	s	ɪ	ɛ	1571
2269	9246	0.235	0.565	ŋ	æ	k	8193
2267	1019	0.3475	0.6675	ŋ	æ	k	3347
2766	20987	0.78750	0.92183	s	k	ɪ	8824
4479	17843	0.495	0.675	w	t	ɪ	8824
2923	3713	0.7325	0.8625	w	t	ɪ	6509
1219	3903	0.46	0.65	w	t	ɛ	1571
1316	9564	0.51	0.89	w	t	ɛ	4926
4600	19587	0.57500	0.74430	ɪ	k	t	188
4818	1162	0.33000	0.56239	t	s	æ	1571
4666	4030	0.5075	0.7375	b	z	ʌ	1571
4637	14419	0.46	0.63	b	z	ʌ	8193
2907	24811	0.38	0.66	w	z	ʌ	8824
4682	1356	0.52250	0.72402	l	ɪ	b	3347
4728	1063	0.3825	0.6225	ð	v	ɛ	188
3333	8976	0.51000	0.74600	h	v	ɛ	188
2341	22817	0.4175	0.6075	ð	v	ɛ	8193
4731	3731	0.5175	0.7275	ð	v	æ	188
4732	20525	0.7125	0.9225	h	v	æ	188
4747	9431	0.31	0.64	ð	v	æ	1571
3931	15987	0.67	0.93	h	z	æ	8824
2323	3166	0.5925	0.7825	h	z	æ	1571
4739	22126	0.39	0.56	k	z	æ	8824
4741	21716	0.42	0.69	k	z	æ	8193
4269	16377	0.495	0.745	ð	s	æ	6895
3168	18797	0.32250	0.50670	ð	z	ɛ	1571
4763	12637	0.77482	0.92021	ð	f	ɛ	3851
4794	5213	0.41	0.56	ð	p	ɛ	5802
4797	18863	0.6375	0.7975	ð	p	ɛ	6509
4516	24552	0.555	0.685	ð	t	ɛ	3347
4287	10366	0.365	0.665	s	t	ɛ	3347
4719	2226	0.4075	0.6875	ð	t	ɛ	4926
2685	23362	0.625	0.895	s	t	ʌ	1571
1837	19013	0.7875	0.9275	w	t	ɛ	3347
4856	25168	0.295	0.565	ɛ	s	v	8824
58	4739	0.3825	0.6625	ɛ	b	d	3347
2395	10491	0.49000	0.82208	ɛ	s	ʃ	3851
2396	243	0.28000	0.58707	t	s	ʃ	3851
4903	26125	0.4575	0.7475	ɛ	s	p	511
1322	688	0.635	0.915	h	s	ɪ	6895
4951	8627	0.7075	0.9175	k	s	ð	4926
4954	3162	0.2675	0.5575	i	s	t	1571
1403	20548	0.6825	0.8025	k	s	t	5189
4987	14143	0.6975	0.8675	t	ʃ	h	8193
2651	18119	0.5325	0.7125	i	h	k	3347
5017	22206	0.3425	0.7725	i	t	ɡ	3347
3438	23295	0.735	0.935	k	ɑ	t	5802
3960	22474	0.35000	0.58876	ɹ	ɑ	t	8193
5034	3734	0.6575	0.8575	k	ɛ	s	1571
2661	12395	0.5175	0.7675	k	z	ʌ	8193
4961	5130	0.43	0.67	s	t	ʌ	188
2811	5058	0.4525	0.6525	m	d	ɛ	3347
5085	9594	0.63250	0.87111	ɹ	d	ɛ	3347
5091	20939	0.73750	0.87787	m	ɛ	b	511
5096	18863	0.74750	0.90999	ɹ	ɛ	b	6509
5189	15732	0.41905	0.56171	m	ʌ	d	8193
5191	9462	0.54000	0.69644	t	ʌ	d	8193
5193	3551	0.63750	0.78719	t	ʌ	d	6509
4565	2532	0.415	0.695	m	ɪ	æ	188
2495	21254	0.595	0.835	m	ɪ	æ	3347
3499	7343	0.33500	0.58500	t	ɪ	æ	511
2658	24895	0.3625	0.6125	w	s	ʌ	6509
5218	18017	0.595	0.795	n	s	ʌ	6509
2657	23308	0.4625	0.6925	w	s	ʌ	3347
4400	512	0.3275	0.5775	w	d	ɑ	3851
5222	16961	0.42	0.65	n	d	ɑ	3851
4117	3379	0.3725	0.6325	w	d	ɑ	3347
4156	24643	0.6225	0.8525	n	d	ɑ	5802
3267	10482	0.69250	0.90999	p	ɑ	t	8193
3953	21814	0.35	0.6	p	ɑ	t	6895
5240	1509	0.3625	0.7625	p	ɛ	s	2741
5313	22015	0.2725	0.5925	s	ɛ	t	5802
5279	6611	0.57000	0.78488	z	æ	t	4926
5316	21392	0.415	0.615	ɹ	ɛ	k	2294
5317	21167	0.5475	0.7475	s	ɛ	k	2294
4438	17829	0.7625	0.9325	ɹ	ɑ	p	2294
4389	14442	0.50750	0.77981	ɹ	ɑ	p	8193
3981	12875	0.7775	0.9375	ɹ	k	ɪ	6509
5331	8235	0.69250	0.85525	w	z	ɪ	5189
2581	13604	0.525	0.745	w	d	ɛ	5802
2527	19657	0.61	0.76	w	d	ɛ	6895
2520	25518	0.62750	0.81870	s	t	ɪ	5802
1307	8243	0.66250	0.89647	u	t	ɪ	5802
1308	8570	0.27750	0.57185	u	t	ɪ	6509
5446	24043	0.6875	0.8875	s	t	h	3851
5447	5142	0.43250	0.72233	u	t	h	3851
4958	23410	0.415	0.625	s	t	h	8193
3920	6545	0.39750	0.72740	s	æ	b	2741
5514	14409	0.73	0.87	v	æ	b	4926
3133	4961	0.52500	0.81362	s	æ	b	188
5507	9456	0.3375	0.6175	z	æ	k	1571
5484	14307	0.38750	0.60229	s	ɪ	p	1571
5486	19150	0.63	0.82	s	ɪ	p	4926
3296	17574	0.50250	0.75783	z	ɪ	p	4926
4297	10427	0.4175	0.5775	z	ɪ	ɪ	4926
5518	17433	0.31750	0.53466	v	ʌ	b	6895
5521	21235	0.53250	0.74261	z	ʌ	b	6895
5522	4164	0.5175	0.7075	v	ʌ	b	5189
2197	1399	0.555	0.865	tʃ	ʌ	p	3347
2198	20160	0.2675	0.5875	v	ʌ	p	3347
5557	13621	0.6525	0.8925	v	ʌ	p	1571
3678	8186	0.57750	0.79334	tʃ	ʌ	k	3347
5613	13772	0.36500	0.69866	i	t	h	6895
4960	7663	0.665	0.875	s	t	h	5189
5776	16134	0.5425	0.8125	w	d	ɑ	188
5087	21243	0.49070	0.66448	ɹ	ɛ	ð	188
5089	121	0.50423	0.60673	ɹ	ɛ	ð	6509
5419	19547	0.47500	0.68513	s	ɪ	ɡ	511
5804	6448	0.65000	0.81193	t	ɪ	ɡ	511
5421	24954	0.6825	0.8825	s	ɪ	ɡ	2294
5422	3194	0.56750	0.72740	t	ɪ	ɡ	6509
5821	5422	0.3525	0.6025	w	d	ʌ	6895
1843	7137	0.4175	0.8875	æ	p	s	3347
1847	16391	0.49	0.93	ɑ	b	k	4926
1848	11340	0.57000	0.87449	æ	b	k	6509
2934	1461	0.48	0.76	ɑ	k	s	511
2935	22606	0.3525	0.6925	æ	k	s	511
1956	4681	0.4875	0.7175	ʌ	t	p	2294
1860	17691	0.61	0.89	ɑ	t	p	2294
1944	18209	0.5975	0.8475	ʌ	t	p	188
3616	2775	0.23250	0.58538	ɑ	t	p	6895
1849	14247	0.3325	0.6425	ʌ	k	s	3851
1851	2885	0.46	0.74	ʌ	k	s	8193
1852	6482	0.5075	0.8875	ɑ	k	s	2294
1857	8299	0.6525	0.9225	ʌ	b	s	3851
1839	11751	0.4075	0.7375	ɑ	b	s	3851
1858	12563	0.42750	0.62596	ʌ	b	s	5189
1841	20061	0.3625	0.6825	ɑ	b	s	6509
1864	17229	0.59	0.85	ɛ	p	s	511
1862	22478	0.67	0.93	ɛ	b	s	3851
1863	7194	0.2825	0.6025	ɛ	b	s	8193
1867	17899	0.265	0.555	ɑ	p	p	1571
1868	4547	0.48250	0.77643	eɪ	p	p	1571
1869	14056	0.42750	0.82546	ɑ	p	p	2741
1870	8640	0.28250	0.59721	eɪ	p	p	6895
1865	20349	0.2875	0.6775	eɪ	k	s	3851
1866	1080	0.48750	0.81193	eɪ	k	s	188
1883	240	0.45000	0.68006	ɑ	p	p	5802
1884	435	0.64750	0.80179	i	p	p	5802
1885	15860	0.5	0.7	i	p	p	6509
1888	17114	0.36750	0.62088	oʊ	s	f	2294
350	13958	0.23500	0.58707	oʊ	s	f	188
1886	8833	0.2475	0.6075	oʊ	k	s	2294
1887	1226	0.17	0.63	oʊ	k	s	8193
1892	24113	0.41500	0.58876	s	k	p	8824
1893	22546	0.47718	0.60736	s	k	p	6509
1894	24281	0.44750	0.70035	s	k	t	3851
16	1419	0.33	0.67	ɑ	k	t	3851
1906	2688	0.4025	0.7225	æ	k	s	8193
181	11397	0.63750	0.90999	æ	s	t	5189
1087	22226	0.44	0.71	ɛ	s	t	5189
1098	10834	0.2075	0.6275	ɛ	s	t	188
151	2033	0.39940	0.58250	æ	h	d	188
158	13590	0.1875	0.6175	ɛ	h	d	5189
144	17328	0.5775	0.8875	æ	s	k	6509
155	12495	0.5625	0.8225	ɛ	s	k	6509
198	1406	0.485	0.835	æ	t	k	1571
2406	23797	0.56750	0.77305	eɪ	t	k	1571
2955	12664	0.45750	0.76290	æ	k	t	5802
1910	16866	0.09250	0.52282	æ	k	t	188
121	9206	0.475	0.695	æ	d	z	1571
264	8036	0.28500	0.53635	eɪ	d	z	1571
265	1289	0.11	0.58	eɪ	d	z	4926
1955	6144	0.5775	0.8675	ɪ	t	k	5189
1918	23366	0.42750	0.58876	ɪ	k	t	5189
1950	16346	0.48056	0.68175	ɪ	d	z	8824
271	2957	0.4425	0.6425	ɪ	d	z	6509
1882	3285	0.5575	0.8275	i	p	s	3347
1448	10221	0.39250	0.66146	i	p	s	6509
1932	20124	0.22	0.55	æ	s	k	3851
4999	14558	0.50000	0.73150	i	s	k	3851
179	11310	0.6725	0.9325	i	s	k	6509
1927	23972	0.42750	0.73078	oʊ	h	p	8193
1929	15584	0.33000	0.65132	oʊ	h	p	4926
148	3683	0.4525	0.6625	æ	d	z	3347
1966	19688	0.69250	0.82546	s	k	p	5802
2959	13369	0.4525	0.8425	æ	p	t	6895
1938	25472	0.37883	0.69748	ʊ	t	k	5189
1934	11183	0.32332	0.71218	æ	b	k	2741
1935	15722	0.4375	0.8375	ʊ	b	k	2741
1936	21552	0.66750	0.86942	ʊ	b	k	2294
1937	8094	0.4925	0.6225	ʊ	p	t	5802
252	18216	0.44000	0.57167	ɛ	b	t	6509
1099	23846	0.5525	0.8025	ɛ	b	t	2294
1116	15521	0.39000	0.62000	ɛ	k	p	5802
266	9002	0.37000	0.53128	eɪ	t	k	5189
1872	15569	0.505	0.735	eɪ	k	p	8193
1871	25135	0.51250	0.71049	eɪ	k	p	8824
1946	25278	0.45750	0.61074	ʌ	d	z	188
1947	6668	0.40000	0.70711	eɪ	d	z	188
276	12178	0.57250	0.74430	ʌ	d	z	8824
1951	10113	0.3975	0.6475	ʌ	h	z	3851
1952	20709	0.465	0.725	ɪ	h	z	3851
1953	13541	0.5925	0.8325	ʌ	h	z	6509
1954	7442	0.5925	0.8225	ɪ	h	z	8193
1962	7271	0.53500	0.77812	ʌ	s	f	8824
1963	21538	0.25000	0.56509	oʊ	s	f	8824
229	18097	0.27500	0.54142	ʌ	s	f	5189
1961	12855	0.52500	0.70711	ʌ	d	z	2294
1964	5344	0.35	0.64	ʌ	t	p	8824
1965	1990	0.465	0.635	s	t	p	8824
297	3915	0.315	0.595	ʌ	s	f	1571
1897	19566	0.61412	0.82250	t	k	s	6509
3644	14660	0.39940	0.67161	t	s	b	8824
1967	21536	0.2875	0.5675	ʌ	s	b	1571
1974	13969	0.415	0.615	b	æ	s	3347
1978	19284	0.435	0.635	b	z	ɪ	8193
925	21921	0.24250	0.55001	d	z	ɛ	5802
1980	23480	0.55500	0.73416	b	z	ɪ	5189
1832	21153	0.75107	0.88970	v	d	ɛ	2294
1831	395	0.75250	0.85589	v	d	ɛ	6509
787	22719	0.52250	0.67161	v	z	ɛ	6509
2111	15953	0.38	0.63	tʃ	z	ɑ	8193
2101	16618	0.26077	0.53466	tʃ	æ	t	1571
2442	25433	0.4975	0.7475	f	ɪ	ð	5189
3046	8070	0.33750	0.54480	f	ɪ	p	8193
3049	24143	0.48750	0.69020	k	æ	t	1571
864	5256	0.52250	0.73754	m	ɪ	s	8193
865	20137	0.49000	0.69358	m	ɪ	s	6509
634	23189	0.3125	0.6625	tʃ	z	ɛ	5189
636	2943	0.355	0.625	tʃ	z	ɛ	2294
3040	24130	0.58707	0.71725	tʃ	ɪ	f	2294
3057	4534	0.64750	0.85589	n	ɪ	f	2294
3319	25694	0.42750	0.63948	n	z	ɑ	3347
2843	25626	0.70250	0.86942	n	z	ɑ	5802
869	14319	0.59250	0.82884	n	ɪ	s	8193
2166	24369	0.6325	0.8625	ŋ	ɪ	f	5189
2164	2626	0.7225	0.9025	ŋ	ɪ	ð	8824
3556	8745	0.57250	0.75276	z	ɪ	ð	8193
2119	23408	0.41293	0.60229	tʃ	ɪ	b	3347
2204	3608	0.36250	0.62427	z	ɪ	ɑ	6895
938	5682	0.3875	0.6175	d	v	ɪ	6509
2243	21146	0.42	0.63	k	ʊ	ɪ	5189
2244	2957	0.3725	0.5525	d	ʊ	ɪ	6509
2245	7078	0.3825	0.5525	k	ʊ	ɪ	2294
1021	12266	0.31	0.68	d	z	ɛ	4926
1541	14005	0.6025	0.8425	k	z	ɛ	1571
962	21862	0.54	0.75	d	s	ɪ	3851
979	5760	0.53000	0.77688	l	s	ɪ	3851
1598	8021	0.57250	0.71725	l	z	ɛ	5802
2676	12198	0.4125	0.6325	m	z	ʌ	6509
984	26060	0.3	0.56	d	ɪ	s	188
985	10302	0.55250	0.77136	m	ɪ	s	188
927	706	0.13750	0.43153	d	z	ɛ	8193
1639	11804	0.665	0.915	m	z	ɛ	8193
2044	16150	0.475	0.705	n	æ	s	6509
2042	25432	0.36750	0.63948	n	æ	s	8193
987	6955	0.51750	0.76797	n	ɪ	s	8824
977	9896	0.4725	0.6725	d	ɪ	s	4926
2046	1995	0.46750	0.68175	p	æ	s	3347
2047	12420	0.29289	0.56171	p	æ	s	6509
2271	3704	0.40750	0.62765	d	z	ɑ	1571
2272	18883	0.5825	0.8625	p	z	ɑ	1571
879	25731	0.22250	0.56678	p	ɪ	s	8193
3127	21384	0.56250	0.87618	ɹ	ɑ	z	5189
3126	19235	0.50085	0.69020	d	ɑ	z	5189
3130	21508	0.395	0.645	ɹ	ɑ	z	2294
3128	21900	0.28444	0.62750	d	ɑ	z	188
2276	7385	0.60398	0.77136	ɹ	ɛ	ɪ	5802
2678	14848	0.28275	0.48732	ɹ	z	ʌ	2294
2068	13674	0.35	0.67	t	æ	s	6509
3604	7971	0.72750	0.89309	t	æ	ð	188
1080	465	0.53500	0.80179	v	z	ɛ	5802
2920	21644	0.605	0.795	w	z	ɪ	1571
2921	10221	0.7725	0.9425	w	z	ɪ	6509
2309	23257	0.66750	0.87787	z	ɪ	s	188
2205	20584	0.61250	0.81700	z	ɪ	s	8193
2045	19279	0.53000	0.72233	n	z	ɛ	8824
926	20101	0.33347	0.51606	ð	z	ɛ	5802
326	20022	0.4275	0.6775	ɛ	t	k	4926
1092	25987	0.45	0.69	eɪ	t	k	4926
327	25652	0.5725	0.8225	ɛ	t	k	3347
1090	3337	0.3925	0.6925	eɪ	s	t	5189
173	19895	0.58250	0.77643	eɪ	s	k	5802
172	1609	0.5225	0.8525	eɪ	s	k	2294
287	8301	0.5225	0.8425	oʊ	b	t	2294
286	20053	0.5675	0.9175	oʊ	b	t	2741
195	23679	0.49250	0.84067	oʊ	s	t	6895
1100	8254	0.28750	0.53466	oʊ	s	k	5802
273	12018	0.7175	0.9475	ɪ	t	k	6509
581	8873	0.45750	0.62765	ɪ	s	k	5802
3230	23101	0.33	0.76	eɪ	s	v	3851
3232	8800	0.4925	0.8525	eɪ	s	v	5189
3234	8625	0.655	0.915	i	s	v	6509
3236	10665	0.12750	0.48563	oʊ	s	f	3851
3237	14577	0.3075	0.7675	eɪ	s	f	2741
1249	26283	0.4725	0.8225	eɪ	d	z	3347
1930	23880	0.545	0.705	s	k	t	5802
471	13208	0.5725	0.8225	f	t	ɪ	4926
842	22453	0.53750	0.76290	h	z	ɛ	4926
3753	15718	0.5975	0.9475	l	ɛ	t	4926
2425	12665	0.44	0.66	f	ɪ	ɪ	3851
2122	14102	0.42730	0.63870	f	ɪ	ɪ	8824
2489	3664	0.53250	0.66345	l	ɪ	ɪ	5802
2320	15039	0.65726	0.80750	f	ɪ	t	8193
2123	21752	0.635	0.825	f	ɪ	ɪ	3347
3827	13617	0.3175	0.5875	m	ɪ	t	3347
2833	5249	0.53250	0.66146	n	ɪ	t	8193
2834	8580	0.3875	0.5975	n	ɪ	t	6509
3286	23674	0.49250	0.75107	f	ɪ	t	188
4058	18255	0.555	0.715	s	ʌ	t	5802
2891	15880	0.6625	0.9125	s	ʌ	t	8193
4451	5798	0.47250	0.66146	s	ɪ	t	6509
2186	2688	0.5425	0.7925	s	æ	t	8193
2003	70	0.33250	0.56857	f	z	ɪ	6509
3029	255	0.4375	0.5875	w	v	ɪ	8824
2927	22453	0.48750	0.65808	z	ɪ	h	4926
983	4554	0.5575	0.7475	m	s	ɪ	3347
2416	4049	0.5475	0.7475	h	z	ɑ	3347
481	9403	0.4425	0.6325	h	t	ɪ	6509
1133	19136	0.71500	0.85216	h	t	ɛ	1571
2567	1790	0.335	0.645	s	t	ɛ	1571
4039	8650	0.4975	0.7775	w	v	ɛ	188
274	9803	0.59750	0.80060	ɪ	b	t	8193
283	8493	0.39250	0.67066	i	b	t	8193
275	20854	0.44250	0.57064	ɪ	b	t	6509
582	21907	0.56	0.84	ɪ	s	k	6509
180	18128	0.5	0.79	i	s	k	8193
580	17576	0.56250	0.81531	ɪ	f	t	5802
177	12132	0.6925	0.9225	i	f	t	5189
583	17061	0.41500	0.59891	ɪ	d	z	3347
352	8626	0.42645	0.58369	s	t	k	5802
336	25378	0.6925	0.9225	ɪ	t	k	5802
1422	11091	0.46250	0.67161	s	p	t	188
1875	11082	0.49500	0.72571	ɪ	k	s	3851
1876	12072	0.4175	0.7775	ɪ	k	s	2741
1093	6046	0.58250	0.79672	ɪ	s	k	1571
120	1653	0.4725	0.7025	ʊ	t	k	8193
208	21241	0.4125	0.6025	ʊ	f	t	5189
1204	17796	0.3575	0.6175	ʊ	p	t	188
215	24378	0.45000	0.69438	u	t	k	5189
216	20527	0.42250	0.60229	u	t	k	6509
3787	17879	0.4025	0.6525	ɪ	h	s	3851
3788	5129	0.72	0.94	u	h	s	3851
3789	10307	0.4925	0.7325	ɪ	h	s	5189
2602	15287	0.33	0.58	u	d	s	1571
301	1731	0.63	0.9	u	d	s	5802
963	18389	0.48	0.91	i	s	ɪ	3851
1445	8551	0.41750	0.74182	oʊ	s	ɪ	3851
694	7970	0.50750	0.77482	i	s	ɪ	5189
1446	10036	0.21750	0.63045	oʊ	s	ɪ	188
3792	696	0.395	0.675	i	ð	z	8193
3793	8768	0.635	0.905	oʊ	ð	z	8193
2616	1652	0.53	0.81	i	h	p	3851
2617	9145	0.28500	0.57355	oʊ	h	p	3851
2618	14145	0.4525	0.7625	i	h	p	2294
1452	7224	0.6125	0.8325	i	ʃ	k	3851
1453	1440	0.47000	0.81193	ʊ	ʃ	k	3851
3407	21652	0.39250	0.61074	l	ɪ	t	3851
3405	16520	0.1925	0.5625	l	ɛ	f	5802
3406	19413	0.40000	0.63870	k	ɛ	f	6509
3408	12942	0.4125	0.6725	l	ɛ	f	8193
3410	20407	0.715	0.875	m	ɛ	t	5189
3412	5388	0.35	0.64	m	ɛ	t	6509
2025	23526	0.6275	0.9175	k	t	æ	6509
596	22360	0.6525	0.8225	m	t	æ	6509
598	23366	0.5575	0.7675	m	t	æ	5189
2803	3549	0.43	0.67	m	z	ʌ	8824
1143	17970	0.405	0.595	k	t	ʌ	2294
856	15476	0.5225	0.7025	k	ɪ	s	6509
870	12260	0.62	0.81	n	ɪ	s	6509
2273	18490	0.445	0.705	p	z	ɑ	5189
1524	8873	0.5475	0.7575	k	ɪ	s	5802
996	4028	0.5925	0.9425	p	ɪ	s	5802
2659	6339	0.46500	0.83875	w	s	ɪ	5189
713	22907	0.23	0.57	k	s	ɪ	2741
4048	14554	0.3825	0.7425	w	d	ʌ	2741
3653	3035	0.1225	0.6725	k	æ	s	2741
3034	7092	0.2525	0.5925	z	æ	s	2741
3032	22327	0.25750	0.61919	z	æ	s	511
2696	6124	0.5075	0.7775	k	æ	ɪ	3347
3437	94	0.705	0.875	z	æ	ɪ	3347
2306	17674	0.5275	0.8075	z	æ	ɪ	8193
2926	20508	0.44250	0.64286	z	ɪ	s	1571
862	20059	0.41250	0.58538	l	ɪ	s	6509
2757	9277	0.4125	0.8525	ŋ	ɪ	h	2741
4541	4442	0.54750	0.75007	t	s	ɪ	3851
904	8769	0.30250	0.54649	t	ɪ	s	8193
905	56	0.7275	0.9475	t	ɪ	s	6509
981	24387	0.3925	0.6825	l	ɪ	s	5802
1017	21129	0.32250	0.48195	v	ɪ	s	5802
1018	2911	0.7	0.93	v	ɪ	s	1571
3483	12643	0.46750	0.73247	m	ɪ	z	1571
3487	1369	0.4525	0.7325	ŋ	ɪ	z	5189
1606	15769	0.39750	0.58200	m	ɪ	s	5189
1635	8957	0.47750	0.65977	m	ɪ	s	1571
4021	23594	0.3675	0.6975	m	v	ʌ	8193
1638	17503	0.7925	0.9425	w	z	ɛ	188
3549	10222	0.535	0.935	ŋ	ɪ	z	8824
3837	26130	0.1925	0.6825	n	ɪ	z	6509
4029	18648	0.61000	0.72571	n	ɪ	h	188
4068	18853	0.66250	0.81193	t	ɪ	h	188
4030	20853	0.72500	0.87449	n	ɪ	h	8193
4032	10412	0.3075	0.5575	n	ɑ	ɪ	3851
4033	26187	0.5625	0.7425	z	ɑ	ɪ	3851
4034	22941	0.3625	0.5525	z	ɑ	ɪ	3347
2360	18299	0.56	0.73	ŋ	ɪ	h	4926
3552	21974	0.245	0.665	ŋ	ɪ	b	1571
3553	8561	0.3525	0.5725	z	ɪ	b	1571
3554	14726	0.4225	0.6625	ŋ	ɪ	b	8193
605	4777	0.40750	0.58876	oʊ	t	d	5802
603	15671	0.365	0.665	oʊ	t	d	2294
1702	20007	0.5975	0.8975	oʊ	k	t	3851
1703	1202	0.57	0.88	oʊ	k	t	6509
2864	12072	0.67750	0.90661	t	s	b	2741
3557	17453	0.54250	0.77136	oʊ	s	b	5189
521	7990	0.22750	0.49915	oʊ	s	k	1571
289	25908	0.58000	0.81193	oʊ	s	ð	8193
288	12044	0.49000	0.69866	oʊ	s	ð	5802
2896	23523	0.26750	0.55157	ʊ	t	k	2741
1761	10169	0.6275	0.8675	s	k	k	6895
1762	14388	0.655	0.895	ʊ	k	k	6895
1764	18000	0.4175	0.6575	ʊ	k	k	6509
1759	2159	0.39250	0.61074	s	p	t	3851
1760	21923	0.3775	0.5975	ʊ	p	t	3851
3927	6670	0.4425	0.8425	t	æ	ð	8193
4066	22587	0.64624	0.75952	t	ʌ	ɪ	6509
4067	13676	0.72	0.9	t	ʌ	ɪ	8193
3338	9020	0.45000	0.63973	t	s	ɪ	6509
789	21368	0.6725	0.9025	w	s	ɪ	6509
4070	15476	0.6225	0.8525	t	s	ɛ	6509
4071	20115	0.37	0.64	t	s	ɛ	4926
2924	20351	0.365	0.575	w	s	ɛ	2294
4050	3340	0.5225	0.7425	t	k	ɪ	8824
4072	21752	0.485	0.665	t	ɑ	ɪ	3347
4073	1806	0.435	0.655	t	ɑ	ɪ	5189
1904	16455	0.56750	0.86265	æ	k	s	6509
4126	530	0.49250	0.77305	æ	k	f	6895
4127	21802	0.4075	0.6175	t	k	f	6895
4128	24410	0.6225	0.9125	æ	k	f	3851
4130	5560	0.4825	0.6625	t	k	f	5189
1933	2072	0.545	0.795	t	s	k	3851
4171	25980	0.46	0.73	t	ɑ	f	8193
4042	24408	0.34000	0.55833	ɹ	ɑ	dʒ	6895
4043	1392	0.26000	0.52959	t	ɑ	dʒ	6895
4044	4027	0.2675	0.5875	ɹ	ɑ	dʒ	6509
4045	5237	0.62088	0.86434	t	ɑ	dʒ	188
4170	18771	0.5125	0.7025	ɹ	ɑ	ð	5189
4172	2226	0.35376	0.57750	t	ɑ	ð	4926
1949	22057	0.3675	0.6075	ʌ	k	p	6509
1959	13332	0.58750	0.78826	i	k	p	6509
1960	24017	0.6825	0.9225	i	k	p	3851
1957	6445	0.58250	0.83898	i	b	s	5189
4200	8982	0.16000	0.53128	i	ʃ	t	188
1454	1290	0.27750	0.57185	i	ʃ	t	2741
4205	5315	0.44	0.64	b	z	æ	5802
2208	23788	0.5325	0.8625	ð	z	æ	5802
2051	18792	0.57500	0.80678	b	z	æ	2294
1081	11617	0.3825	0.6725	ð	z	ɛ	3347
4209	16707	0.66250	0.86969	f	z	ɪ	5189
4210	10992	0.6925	0.8625	b	z	ɪ	5802
4211	17923	0.4875	0.6775	h	z	ɪ	5802
4266	11244	0.58250	0.81606	h	s	æ	8824
2027	3693	0.50750	0.74430	k	z	ɪ	6895
4213	7504	0.65750	0.86659	k	v	ɑ	1571
4216	4028	0.4525	0.6625	l	z	ɪ	5802
4217	8352	0.655	0.865	l	z	ɪ	3347
2073	25603	0.565	0.765	b	ʌ	dʒ	4926
4219	12260	0.38	0.62	l	ʌ	dʒ	6509
1596	4272	0.465	0.695	l	z	ɛ	3347
4223	22415	0.33	0.6	n	v	ɑ	3347
4046	13423	0.425	0.655	ɹ	d	ɛ	5802
4425	18313	0.42984	0.61074	p	æ	t	1571
2185	10114	0.49	0.8	s	æ	t	1571
2184	3932	0.2325	0.5625	s	ʌ	æ	4926
4240	25408	0.57476	0.72429	tʃ	ɪ	h	5189
4055	22327	0.4375	0.7175	s	z	ɪ	511
4057	16315	0.375	0.595	s	z	ɪ	2741
928	5690	0.6925	0.8825	ð	z	ɛ	6509
2372	7353	0.28750	0.49746	ð	z	ɛ	188
4274	16895	0.5025	0.7925	m	s	æ	2294
4273	15765	0.37404	0.64750	m	s	æ	3851
4301	11975	0.64000	0.87111	ɪ	t	s	4926
4305	21488	0.5175	0.7475	ɛ	s	p	6509
4306	10935	0.34750	0.55495	u	s	p	2294
254	3653	0.69	0.92	ɛ	d	s	5802
256	10757	0.4425	0.6825	ɛ	d	s	5189
302	1850	0.46250	0.75783	u	d	s	3347
3224	9824	0.25	0.68	u	t	s	8193
4428	14982	0.4175	0.8475	p	s	ɑ	2741
4426	8624	0.5925	0.9325	p	s	ɑ	6895
4450	20230	0.68000	0.82377	v	ɪ	t	188
687	5256	0.37250	0.53466	h	s	ɪ	8193
716	15039	0.4475	0.6875	l	s	ɪ	8193
2615	19249	0.445	0.825	n	s	æ	511
2613	4885	0.4975	0.7775	n	s	æ	2294
4379	24809	0.4725	0.8525	l	s	ɑ	5802
4380	6747	0.4225	0.7625	w	s	ɑ	5802
4381	248	0.3225	0.6225	l	s	ɑ	5189
788	9824	0.55000	0.80575	w	s	ɪ	8193
4412	17227	0.6425	0.9125	t	ɑ	ɡ	1571
4413	20454	0.5525	0.7125	ŋ	ɑ	ɡ	5189
4414	12358	0.5125	0.7925	t	ɑ	ɡ	4926
4436	14760	0.3525	0.6225	p	ɑ	s	4926
4035	15496	0.5475	0.7775	p	æ	s	1571
4036	12867	0.695	0.905	v	æ	s	1571
2736	11927	0.31250	0.71556	v	æ	s	4926
4423	26301	0.63750	0.83729	p	ʌ	t	2741
4422	14633	0.33500	0.52621	p	ʌ	t	8193
2900	12404	0.37	0.59	v	ʌ	t	5189
2064	13967	0.29250	0.53297	b	v	ɪ	5802
4324	13582	0.52000	0.70469	ɡ	ɪ	z	4926
2134	9357	0.37750	0.63779	ɡ	ɪ	f	5189
4325	8149	0.58500	0.84067	n	ɪ	f	5189
2136	3969	0.345	0.735	ɡ	ɪ	f	188
3306	2158	0.3975	0.6975	ɡ	ɛ	z	6509
4329	17185	0.54750	0.71387	n	ɛ	z	8193
4212	14538	0.435	0.585	h	z	ɪ	5189
4365	2629	0.63750	0.86265	k	ɑ	s	1571
4367	11013	0.61500	0.83053	k	ɑ	s	8193
2731	4318	0.5275	0.8075	t	ɪ	s	1571
4556	3367	0.77	0.94	k	ʊ	ð	6509
4557	21923	0.47718	0.63750	t	ʊ	ð	3851
1564	23258	0.6025	0.8525	l	ɡ	æ	5802
1573	21622	0.6925	0.8625	ɹ	ɡ	æ	6509
1566	1674	0.5475	0.7875	l	ɡ	æ	6509
4561	12571	0.46	0.61	l	t	ɛ	8824
4562	1405	0.45	0.69	s	t	ɛ	8824
2466	12158	0.58198	0.76244	ʃ	ɪ	t	8193
2723	18221	0.62426	0.80000	ʃ	ɪ	t	3851
3524	11312	0.65000	0.89959	ʃ	ʌ	b	4926
1151	25749	0.7975	0.9475	m	d	ɪ	4926
2277	17823	0.735	0.935	ɹ	ɛ	ɪ	8193
3523	16847	0.42	0.67	n	ʌ	b	8193
4059	16689	0.59750	0.80855	s	ɪ	t	188
4577	19028	0.3675	0.6075	s	ɪ	ɛ	188
2855	5147	0.345	0.665	s	æ	k	8193
2857	16213	0.3475	0.5575	s	æ	k	6509
2768	13191	0.575	0.825	s	k	ɪ	5189
4599	6532	0.4825	0.7425	ɑ	k	t	188
2072	4030	0.6775	0.9175	t	ʌ	dʒ	1571
2074	22835	0.5025	0.7325	t	ʌ	dʒ	3347
4230	20300	0.55311	0.72222	t	s	æ	8824
4669	9107	0.60500	0.82546	w	z	ʌ	1571
794	8879	0.29250	0.57355	b	z	ɛ	188
4683	24703	0.5375	0.8875	l	ɪ	b	8193
4735	22652	0.33854	0.61250	h	v	æ	8193
4764	14609	0.35250	0.54589	ɹ	f	ɛ	3851
4767	25433	0.6075	0.8375	ð	f	ɛ	5189
4769	16442	0.48750	0.65107	ɹ	f	ɛ	6509
4795	18807	0.62250	0.72740	ɹ	p	ɛ	5802
4798	23844	0.3975	0.6375	ɹ	p	ɛ	6509
536	9536	0.6675	0.9375	s	t	ʌ	8193
4892	22093	0.5475	0.7775	ɛ	b	s	1571
4893	17029	0.49500	0.71556	i	b	s	1571
4858	12578	0.26250	0.57862	i	s	v	8824
4860	4407	0.325	0.625	ɛ	s	v	4926
452	20764	0.4625	0.8225	ɛ	b	d	188
1095	18867	0.6125	0.8025	i	b	d	188
4889	26174	0.6275	0.8575	i	b	d	6895
2397	11508	0.5425	0.8725	ɛ	s	ʃ	6509
2398	7105	0.46500	0.66991	t	s	ʃ	188
1086	3494	0.6	0.87	ɛ	s	k	1571
4907	12707	0.6225	0.7525	t	s	p	511
4910	2126	0.50500	0.67499	t	s	p	8193
345	15230	0.5775	0.9375	i	s	ð	4926
4952	13815	0.4775	0.7575	i	s	ð	5189
4953	25852	0.5275	0.7775	k	s	ð	1571
4955	2856	0.46	0.7	k	s	t	1571
4985	24120	0.56500	0.77981	i	ʃ	h	8193
4988	16499	0.455	0.885	i	ʃ	h	4926
4991	8130	0.3975	0.6375	t	ʃ	h	4926
2647	9371	0.37250	0.61919	i	h	s	8193
2649	22562	0.25500	0.53804	i	h	s	4926
2650	25561	0.4575	0.7775	u	h	s	2741
2652	1783	0.4325	0.7425	u	h	k	3347
2653	5415	0.45250	0.68006	i	h	k	8193
2654	23713	0.365	0.905	u	h	k	2741
5018	25812	0.21500	0.60060	u	t	ɡ	3347
5019	23702	0.29	0.76	i	t	ɡ	3851
5020	10297	0.19500	0.58031	u	t	ɡ	4926
3440	7915	0.3675	0.7975	k	ɑ	t	4926
3272	4620	0.5425	0.7425	ɹ	ɑ	t	4926
5037	9096	0.56750	0.77812	ɹ	ɛ	s	1571
5038	22546	0.3425	0.5525	k	ɛ	s	6509
5039	6235	0.49500	0.76797	ɹ	ɛ	s	8193
5071	829	0.6625	0.8925	s	z	ɪ	6895
5093	6485	0.18250	0.55833	ɹ	ɛ	b	511
5094	22469	0.64250	0.88294	m	ɛ	b	8193
5150	5063	0.6575	0.9175	t	s	ɪ	6895
724	7265	0.5375	0.8375	m	s	ɪ	8824
5192	13905	0.67000	0.83391	m	ʌ	d	4926
4566	24688	0.28500	0.46236	t	ɪ	æ	188
5219	14220	0.255	0.585	n	s	ʌ	2294
5242	7674	0.3175	0.6975	ɹ	ɛ	s	2741
5244	12729	0.39750	0.54988	p	ɛ	s	2294
5064	23285	0.68750	0.85927	s	ɛ	t	1571
5253	8048	0.51000	0.71387	p	ɛ	t	1571
5277	5076	0.54500	0.72909	z	æ	t	3347
3808	18509	0.19990	0.66750	p	æ	s	511
4576	1649	0.46	0.7	ɹ	ɛ	k	6509
5318	26189	0.4875	0.7675	s	ɛ	k	1571
4392	15993	0.40250	0.61074	s	ɑ	p	2294
4391	6663	0.38	0.66	s	ɑ	p	3851
5295	9339	0.44750	0.57693	ɹ	k	ɪ	5189
5322	9353	0.665	0.855	w	k	ɪ	6509
5451	4318	0.63750	0.86350	s	t	p	1571
5453	25044	0.34377	0.60467	u	t	p	1571
1972	1158	0.64750	0.89647	u	t	p	3851
5449	25163	0.4325	0.7525	u	t	h	5189
4593	22602	0.68750	0.83053	v	ʌ	k	5802
4051	13056	0.3925	0.5525	s	ʌ	k	5802
4061	9740	0.71250	0.83391	v	ʌ	k	6509
4053	2885	0.55664	0.85000	s	ʌ	k	8193
5462	20697	0.5475	0.7975	v	æ	b	2741
5506	2856	0.26	0.61	s	æ	k	1571
5508	3442	0.40500	0.77976	z	æ	k	511
5485	5253	0.4475	0.6675	z	ɪ	p	1571
3542	18256	0.6025	0.8425	z	ɪ	ɪ	1571
4456	10113	0.48750	0.68175	z	ʌ	b	3851
5515	1060	0.455	0.765	z	æ	b	4926
5516	19284	0.375	0.575	z	æ	b	8193
2199	22646	0.3125	0.6125	tʃ	ʌ	p	1571
4488	8767	0.48	0.77	tʃ	ʌ	k	3851
4489	7461	0.27500	0.56340	v	ʌ	k	3851
4957	15914	0.2875	0.5575	i	t	h	8193
1107	4625	0.35714	0.51437	s	b	t	5189
4110	9086	0.39250	0.71387	w	s	ɑ	8193
1602	4941	0.4875	0.7575	z	ɡ	æ	5802
1603	23969	0.50254	0.75500	z	ɡ	æ	6509
4049	25305	0.71387	0.87000	ɹ	d	ʌ	2294
4065	25474	0.8125	0.9225	z	d	ʌ	2294
4047	25736	0.37000	0.61581	ɹ	d	ʌ	2741
4063	12755	0.6475	0.7675	z	d	ʌ	6895
5361	3181	0.65750	0.88000	z	ɛ	ð	188
5795	25196	0.56000	0.78000	z	ɛ	ð	511
4978	13089	0.5725	0.8025	s	k	f	5189
5696	12148	0.5275	0.8075	s	k	f	188
4052	13599	0.3375	0.6075	t	ʌ	k	5802
2054	10159	0.51000	0.84575	p	z	æ	4926
5238	6453	0.30750	0.66146	ɹ	z	æ	4926
2052	9660	0.51000	0.90000	p	z	æ	2294
5239	4224	0.5025	0.8225	ɹ	z	æ	5189
10003	20817	0.61250	0.72250	ð	ɪ	ə	5802
10004	4053	0.78250	0.89031	v	ɪ	ə	5802
10006	21450	0.57250	0.69335	v	ɪ	ə	4926
10009	6034	0.47750	0.59642	ɹ	ə	ɪ	1571
10010	12643	0.31284	0.55750	w	ə	ɪ	1571
10012	19088	0.41500	0.58500	w	ə	ɪ	4926
10013	21034	0.5625	0.7625	ɹ	ə	ɛ	3851
10015	18634	0.54250	0.66345	ɹ	ə	ɛ	5189
10016	19610	0.36750	0.79028	w	ə	ɛ	8193
10022	21305	0.69438	0.86250	w	d	ɪ	188
10025	12143	0.305	0.615	w	d	ɛ	8193
10026	25736	0.34377	0.57682	ɹ	d	ʌ	2741
10030	13185	0.62500	0.82500	ɹ	t	ɛ	2294
10031	20476	0.46750	0.63354	w	t	ɛ	8193
10032	9185	0.48250	0.62838	ɹ	ɡ	ə	8824
10036	20042	0.65520	0.87072	ɹ	ə	ʌ	2741
10037	15135	0.21384	0.44071	w	ə	ʌ	2741
10038	2221	0.55250	0.71707	ɹ	ə	ʌ	3347
10039	7449	0.45617	0.56961	w	ə	ʌ	4926
10042	8625	0.51289	0.60260	ɹ	ə	ə	6509
10044	25004	0.47989	0.57167	ɹ	k	ə	6509
10053	18198	0.34750	0.55208	l	ɑ	ə	1571
10055	8070	0.60750	0.80988	l	ɑ	ə	8193
10056	22289	0.67500	0.84287	ɹ	p	ɛ	1571
10057	18231	0.41000	0.60982	l	p	ɛ	1571
10058	13196	0.54000	0.74388	l	p	ɛ	4926
10061	13674	0.70000	0.75625	ɹ	p	ə	6509
10062	15330	0.53970	0.70882	l	p	ə	8193
10063	16158	0.54692	0.70263	ɹ	f	ɛ	3347
10064	8363	0.40771	0.59539	l	f	ɛ	3347
10067	5184	0.70160	0.84803	l	ɪ	d	4926
10069	10623	0.57064	0.71397	l	ɪ	d	8193
10071	10849	0.5	0.69	l	ə	ɪ	8193
10084	26104	0.59745	0.84494	ɹ	b	ɛ	1571
10085	3934	0.41500	0.57167	l	b	ɛ	1571
10086	8846	0.63767	0.80369	ɹ	b	ɛ	8193
10087	5544	0.47061	0.62838	l	b	ɛ	6509
10092	12423	0.70000	0.89031	ɹ	ɛ	ə	6509
10095	372	0.48299	0.65210	l	ɪ	ə	1571
10097	21288	0.42000	0.59332	l	ɪ	ə	6509
10110	2549	0.45102	0.67170	l	ɛ	k	6509
10111	169	0.51186	0.69644	ɹ	ɛ	k	3347
10112	12649	0.26250	0.56033	l	ɛ	k	5189
10121	16110	0.37750	0.54486	ɹ	ɛ	d	3851
10122	4650	0.34250	0.54898	l	ɛ	d	3851
10123	23330	0.42250	0.64901	ɹ	ɛ	d	6509
10125	23258	0.62426	0.83669	l	ɡ	æ	5802
10126	1674	0.54750	0.75007	l	ɡ	æ	6509
10131	6235	0.50670	0.74388	ɹ	ɛ	s	8193
10132	13852	0.62250	0.82019	l	ɛ	s	8193
10134	22752	0.71250	0.88000	l	ɛ	s	6509
10136	19264	0.49000	0.68000	l	k	ɪ	3851
10137	5936	0.60750	0.80750	l	k	ɪ	6895
10138	12606	0.14250	0.47783	ɹ	ɑ	v	1571
10139	5196	0.57250	0.82250	l	ɑ	v	1571
10140	23805	0.71250	0.91250	ɹ	ɑ	v	5189
10141	766	0.64	0.8	l	ɑ	v	4926
10142	9617	0.625	0.885	ɹ	ɛ	ɑ	5189
10143	22113	0.395	0.625	l	ɛ	ɑ	5189
10144	14183	0.34750	0.56136	ɹ	ɛ	ɑ	8824
10147	3572	0.63250	0.88412	l	f	ʌ	188
10148	13017	0.53750	0.64385	ɹ	f	ʌ	8193
10150	8220	0.39500	0.53867	ɹ	ɛ	b	2294
10151	14732	0.73254	0.86453	l	ɛ	b	2294
10152	17780	0.50750	0.70676	l	ɛ	b	511
10161	10731	0.57250	0.75419	ɹ	p	æ	8824
10162	5252	0.41000	0.57167	l	p	æ	8824
10163	24143	0.3775	0.5975	ɹ	p	æ	1571
10164	10384	0.38500	0.53970	l	p	æ	8193
10167	24280	0.63500	0.73460	ɹ	f	ə	4926
10168	16930	0.67750	0.79235	l	f	ə	6895
10169	18268	0.70676	0.90500	l	ə	ʌ	3347
10171	5358	0.48250	0.73666	ɹ	ɛ	t	3347
10173	9460	0.55750	0.87690	ɹ	ɛ	t	2741
10174	1735	0.56750	0.84287	ɹ	k	ɔ	511
10175	4748	0.415	0.865	l	k	ɔ	511
10176	9920	0.5075	0.7775	ɹ	k	ɔ	8193
10177	8925	0.43750	0.79338	l	k	ɔ	8824
10179	4543	0.61189	0.74491	l	ə	ə	3851
10181	5622	0.73000	0.91197	ɹ	ɛ	f	1571
10182	9545	0.3925	0.5825	l	ɛ	f	1571
10183	19776	0.6075	0.8975	ɹ	ɛ	f	6509
10184	11222	0.55826	0.80575	l	s	æ	2294
10185	14040	0.31	0.66	l	s	æ	5802
10200	23240	0.74182	0.89237	l	ə	ɛ	3851
10201	3785	0.65000	0.82947	l	ə	ɛ	5189
10203	1833	0.47250	0.69644	l	b	ʌ	6509
10204	21850	0.53250	0.77378	ɹ	b	ʌ	8193
10205	12530	0.38250	0.60776	l	b	ʌ	4926
10207	16088	0.62735	0.76863	l	ɡ	ə	1571
10209	3159	0.60157	0.74182	ɹ	ɛ	z	188
10211	15442	0.38708	0.68201	l	ɛ	z	2741
10212	4231	0.19322	0.58301	ɹ	b	æ	8193
10213	14851	0.68500	0.89856	l	b	æ	8193
10214	13331	0.38750	0.62632	ɹ	b	æ	6895
10215	4012	0.60750	0.81400	l	b	æ	6509
10220	606	0.43555	0.56445	ɹ	v	ə	511
10222	11250	0.74250	0.85937	ɹ	v	ə	2294
10223	18963	0.44380	0.59642	l	v	ə	5189
10227	18722	0.50155	0.69026	l	ɪ	f	3347
10228	21263	0.64000	0.86762	ɹ	f	æ	6895
10229	10417	0.45750	0.68201	l	f	æ	6895
10231	14947	0.47250	0.75935	l	f	æ	5189
10232	18838	0.54898	0.69232	ɹ	ɛ	p	2294
10233	5478	0.80781	0.92434	l	ɛ	p	2294
10234	4237	0.72841	0.84906	ɹ	ɛ	p	6509
10235	3009	0.61910	0.79235	l	ɛ	p	3347
10238	468	0.33965	0.67066	ɹ	ɛ	æ	6509
10240	11556	0.40049	0.55929	l	d	ɔ	5802
10242	19039	0.42418	0.68000	l	z	ɪ	3851
10243	8894	0.53000	0.68201	ɹ	z	ɪ	5189
10244	26171	0.40500	0.61601	ɡ	ə	ɛ	5189
10246	15302	0.61500	0.79750	ɡ	ə	ɛ	8193
10247	23846	0.52630	0.71604	b	ə	ɛ	2294
10249	23532	0.63354	0.73254	b	ə	ə	5189
10253	3832	0.28250	0.50567	b	ə	ɑ	3851
10254	7142	0.51500	0.83256	ɡ	ə	ɑ	5189
10255	13704	0.39740	0.69026	b	ə	ɑ	188
10260	18605	0.63750	0.83566	ɡ	v	ɑ	188
10261	3565	0.36749	0.58404	d	v	ɑ	188
10262	5942	0.45500	0.62117	ɡ	v	ɑ	6895
10263	18410	0.61704	0.79647	d	v	ɑ	1571
10264	21126	0.48402	0.66035	d	ə	ɑ	3851
10265	20818	0.50258	0.70263	d	ə	ɑ	2294
10267	9212	0.42730	0.62117	d	ə	ɛ	2294
10270	5825	0.56239	0.67788	ɡ	ʌ	ə	2294
10276	12170	0.21487	0.44380	ɡ	z	ɔ	5189
10277	18947	0.47886	0.76347	d	z	ɔ	2741
10278	4313	0.36750	0.62942	d	ɛ	z	6509
10279	21995	0.40049	0.72635	ɡ	ɛ	z	5189
10280	1436	0.52500	0.80060	d	ɛ	z	2741
10283	19103	0.62000	0.78616	ɡ	æ	ə	8193
10285	4627	0.49250	0.62426	b	ə	ɪ	1571
10289	3436	0.42730	0.74000	p	ə	ɑ	3851
10290	12955	0.25715	0.49742	p	ə	ɑ	8193
10291	14177	0.54750	0.70469	p	ə	ɛ	2294
10292	7861	0.26000	0.43349	p	ə	ɛ	6509
10293	10789	0.34250	0.53558	b	æ	ə	8824
10294	10783	0.40000	0.63251	p	æ	ə	8824
10295	20913	0.39750	0.59023	b	æ	ə	6509
10296	9097	0.53500	0.73460	p	æ	ə	2741
10301	19331	0.56342	0.85937	b	ə	æ	6895
10302	7512	0.49250	0.77585	p	ə	æ	6895
10303	12775	0.46000	0.79647	b	ə	æ	188
10306	240	0.53558	0.70985	p	ɑ	ə	5802
10308	15641	0.66750	0.91300	p	ɑ	ə	8193
10309	9056	0.77250	0.87897	b	ə	ə	3851
10310	17302	0.56239	0.68613	p	ə	ə	3851
10311	24754	0.47989	0.60570	p	ə	ə	6509
10316	5004	0.53250	0.78719	ɡ	ə	ɑ	1571
10317	8935	0.27571	0.51908	k	ə	ɑ	1571
10318	12361	0.51250	0.74079	k	ə	ɑ	4926
10319	16563	0.67500	0.82844	k	ə	ə	5189
10320	17136	0.49250	0.63354	k	ə	ə	6509
10326	9066	0.41750	0.66860	ɡ	æ	ə	4926
10327	16567	0.40500	0.59642	k	æ	ə	2294
10330	23946	0.37883	0.54073	s	ɪ	ə	8193
10331	8282	0.65416	0.89134	ʃ	ɪ	ə	6509
10332	8472	0.53750	0.70882	s	ɛ	ə	1571
10333	12766	0.29000	0.50980	ʃ	ɛ	ə	1571
10334	13776	0.44000	0.73357	s	ɛ	ə	8193
10336	18231	0.66138	0.86000	s	k	ə	1571
10337	14175	0.54486	0.71294	ʃ	k	ə	1571
10338	11310	0.52939	0.66241	s	k	ə	6509
10339	13983	0.51186	0.71810	ʃ	k	ə	6509
10340	12955	0.63457	0.90784	s	ə	t	8193
10341	4686	0.57500	0.74285	ʃ	ə	t	8193
10342	26061	0.55250	0.75832	s	ə	t	6509
10344	74	0.34000	0.66035	s	ə	ɪ	8193
10345	14548	0.29750	0.52011	ʃ	ə	ɪ	8193
10346	1638	0.48750	0.64076	s	ə	ɪ	6509
10347	4858	0.39250	0.56033	ʃ	ə	ɪ	5189
10348	14348	0.59000	0.80885	s	æ	ə	4926
10349	12290	0.24581	0.53248	ʃ	æ	ə	4926
10350	11697	0.59745	0.84700	s	æ	ə	6509
10351	9867	0.52250	0.75935	ʃ	æ	ə	2294
10353	15002	0.67582	0.85731	ʃ	p	ə	6895
10354	1995	0.56750	0.73357	s	p	ə	3347
